"","run_1","run_2","run_3","run_4","run_5","run_6","run_7","run_8","run_9","run_10","run_11","run_12","run_13","run_14","run_15","run_16","run_17","run_18","run_19","run_20"
"B1K0204",2,3,1,4,2,3,4,4,4,2,5,4,1,5,5,4,2,5,1,3
"B1K0314",4,1,1,3,2,5,5,3,2,2,3,2,2,4,3,2,5,4,3,2
"B1K0516",5,4,1,2,2,1,1,4,2,4,2,3,4,5,2,4,5,1,3,3
"B1K0802",1,2,2,2,4,2,4,1,2,5,1,2,5,1,5,3,1,1,1,5
"B1K0901",5,5,5,2,2,4,5,5,5,4,3,1,4,5,4,5,1,3,3,4
"B1K2214",2,3,4,3,5,5,4,1,2,4,1,2,2,3,5,1,4,4,5,5
"B1K3520",2,4,2,5,4,2,3,3,5,4,3,2,2,4,5,4,4,2,3,3
"B1K4207",5,4,5,2,2,3,4,1,4,1,5,4,2,5,3,1,4,3,3,2
"B1K0206",4,3,5,2,3,5,2,5,4,2,4,5,2,5,4,2,1,3,3,5
"B1K0403",4,5,4,2,1,3,5,2,1,4,5,5,1,1,1,1,5,4,4,1
"B1K0904",2,3,2,3,2,3,3,1,3,1,5,5,3,5,4,4,1,5,5,2
"B1K1118",4,1,3,1,3,5,4,4,5,5,2,2,4,4,1,1,1,5,3,1
"B1K1905",2,3,5,1,5,4,4,1,4,3,3,3,5,3,2,4,4,2,2,1
"B1K2307",1,5,3,5,1,5,1,5,3,4,2,1,1,2,2,5,4,4,5,2
"B1K3604",4,5,3,3,4,1,1,5,1,1,2,2,1,3,1,1,2,1,4,2
"B1K1206",3,2,5,3,5,2,5,5,4,3,1,3,3,4,4,1,2,5,1,2
"B1K0212",1,5,1,5,2,3,4,4,3,4,1,5,3,4,5,1,4,2,4,1
"B1K0408",4,1,1,1,3,3,1,3,3,2,2,3,4,5,3,1,5,2,4,3
"B1K0601",5,1,1,2,3,2,3,5,2,2,1,3,4,5,5,2,3,2,3,2
"B1K0805",2,4,3,3,4,5,1,2,1,2,3,2,3,5,2,2,3,5,4,5
"B1K0909",2,3,1,1,3,5,2,2,2,3,5,1,2,1,2,5,1,4,4,1
"B1K1120",1,2,2,2,2,1,1,1,5,1,4,2,1,4,4,3,5,5,1,5
"B1K2001",2,2,2,1,5,1,1,5,1,5,5,1,2,1,2,1,5,2,3,1
"B1K2311",5,4,3,5,1,5,1,3,5,3,4,4,5,2,4,2,2,3,2,2
"B1K3720",3,4,5,2,1,1,5,5,3,5,1,1,4,4,3,2,4,5,3,3
"B1K0806",1,5,1,5,4,4,3,3,4,2,4,4,1,5,3,2,2,3,5,5
"B1K0214",4,1,5,2,1,2,3,4,3,2,4,1,2,5,3,1,3,4,4,2
"B1K0606",2,2,4,4,2,3,5,1,4,4,5,3,4,1,2,2,5,3,4,2
"B1K0808",5,5,2,3,5,4,3,5,3,2,5,3,4,4,4,2,5,5,1,4
"B1K1003",5,1,1,2,4,2,2,3,2,2,5,3,3,5,3,1,5,2,3,1
"B1K2020",1,5,1,5,3,1,2,1,1,2,4,4,5,1,4,3,2,1,4,4
"B1K2409",4,2,4,3,3,4,1,4,1,5,1,5,2,3,2,4,2,2,5,1
"B1K2008",3,2,5,3,1,2,3,5,3,4,2,2,4,1,2,2,4,1,5,2
"B1K0916",2,3,5,1,2,2,3,3,3,3,1,1,1,3,2,1,3,1,3,2
"B1K0303",2,4,1,1,1,4,2,2,3,3,3,1,1,2,3,1,5,4,1,2
"B1K0809",5,4,5,4,1,1,4,4,5,2,3,1,4,1,1,2,1,3,3,5
"B1K1012",1,2,1,4,1,5,5,4,1,2,5,4,4,4,2,2,3,5,3,5
"B1K1505",1,5,5,5,4,4,3,1,5,5,4,5,1,1,4,3,3,4,5,3
"B1K2605",2,2,5,2,3,2,5,3,5,3,3,5,1,5,3,4,5,1,2,3
"B1K0201",4,4,5,4,2,5,2,5,3,4,1,5,2,2,4,3,4,3,2,2
"B1K0503",5,2,1,4,4,2,1,4,4,4,3,4,1,1,3,3,2,2,1,1
"B1K1310",4,5,4,4,1,1,5,1,5,5,2,2,2,2,5,4,3,5,4,3
"B1K0216",2,4,4,3,3,3,1,5,4,3,2,3,2,5,2,5,3,1,1,3
"B1K0615",5,1,5,2,5,4,1,2,1,5,1,2,4,2,4,1,5,5,3,5
"B1K0815",4,4,3,3,5,5,5,5,5,1,5,2,1,1,4,2,3,2,3,3
"B1K1517",4,5,4,5,4,3,2,2,1,2,4,5,3,1,2,3,1,2,5,2
"B1K2209",5,5,2,5,5,3,2,3,5,5,4,4,3,2,5,5,5,2,4,4
"B1K0911",2,2,3,2,2,2,3,3,3,3,1,5,2,5,4,2,2,1,4,4
"B1K0910",5,1,3,2,2,4,3,2,1,2,1,1,4,3,1,1,1,2,3,2
"B1K1314",3,4,5,3,1,3,5,1,5,3,2,1,1,1,5,1,1,2,3,2
"B1K0310",4,2,2,1,5,3,4,5,4,4,4,2,3,4,4,3,3,1,5,4
"B1K0619",1,1,3,1,1,3,5,5,4,4,5,2,1,4,4,2,3,3,5,5
"B1K0816",3,5,2,1,4,4,5,1,3,4,5,3,3,3,2,1,5,4,2,5
"B1K1109",1,5,2,2,5,2,3,3,2,2,1,4,3,5,3,4,2,3,1,5
"B1K1701",4,3,4,5,5,2,1,3,1,2,3,1,2,3,1,4,5,5,3,1
"B1K2212",5,3,5,3,5,3,1,4,5,1,1,5,4,4,4,4,4,5,2,1
"B1K0903",1,5,1,5,5,4,5,1,5,1,4,2,5,5,2,5,5,4,1,4
"B1K0311",2,5,4,4,1,3,4,5,1,3,4,1,4,4,3,2,1,5,5,4
"B1K0817",3,3,3,1,1,3,2,3,4,2,2,3,1,1,5,1,5,1,1,5
"B1K3405",3,3,2,4,4,5,4,2,1,5,1,5,5,1,2,5,4,1,4,4
"B1K3508",2,1,3,5,4,2,4,5,2,2,5,3,5,4,2,1,4,1,5,2
"B1K1507",5,4,1,1,2,4,2,4,5,4,4,5,3,3,1,2,5,4,5,3
"B1K1606",5,2,4,3,2,3,4,3,4,3,1,5,5,2,4,3,1,5,3,4
"B1K1805",1,4,1,1,2,1,1,4,4,3,1,3,5,2,3,1,1,5,3,3
"B1K2210",5,3,1,3,5,3,4,4,3,3,5,3,5,2,4,4,3,2,5,5
"B1K3602",1,2,2,2,1,4,1,4,1,5,2,1,4,1,1,1,5,2,1,4
"B1K0213",1,2,1,5,5,4,3,2,5,1,5,1,5,3,5,5,4,1,5,4
"B1K0510",1,4,4,4,2,5,2,5,3,1,4,5,1,4,4,3,3,1,1,2
"B1K0801",2,2,2,5,4,1,4,4,5,4,3,3,4,3,1,4,1,3,1,1
"B1K1920",5,3,1,4,1,1,2,2,3,2,3,2,2,4,5,1,2,4,1,1
"B1K2418",1,3,4,3,2,1,3,1,3,1,4,4,1,5,1,1,3,4,5,4
"B1K2719",1,3,2,5,4,1,3,4,3,1,5,5,2,3,3,2,4,1,5,2
"B1K0120",4,2,4,1,4,1,5,3,2,1,5,4,5,3,5,5,3,3,2,3
"B1K2312",3,5,3,5,5,3,3,4,2,5,2,3,4,5,5,3,5,5,4,4
"B1K3715",1,5,4,2,1,3,2,2,4,1,3,5,3,2,1,4,3,1,5,2
"B1K0517",1,1,3,1,5,4,2,4,2,3,1,5,5,5,4,1,1,2,4,2
"B1K0918",3,4,5,4,2,5,3,2,1,1,5,4,1,4,5,2,1,2,5,5
"B1K1417",2,4,4,3,3,2,4,5,3,5,2,3,1,5,2,2,3,4,1,1
"B1K2410",1,3,2,3,3,2,1,1,3,2,5,3,1,4,4,2,2,3,5,1
"B1K2715",4,4,5,5,4,2,5,1,1,2,2,4,5,1,1,3,5,3,3,5
"B1K1713",2,5,1,3,5,4,3,3,1,3,1,5,2,5,5,3,4,4,4,3
"B1K1915",5,2,4,1,3,1,2,1,2,5,3,2,4,3,2,3,4,3,5,1
"B1K4315",5,5,4,5,4,2,1,4,2,5,4,4,5,4,3,1,2,4,4,2
"B1K2013",2,4,5,3,5,1,1,3,2,3,3,1,4,5,3,5,1,5,1,3
"B1K2501",1,3,3,1,5,3,2,4,5,4,4,3,5,2,4,3,3,2,1,2
"B1K2810",1,1,1,3,5,2,5,3,2,5,2,1,5,4,5,2,4,1,4,5
"B1K2920",5,5,3,2,2,5,4,3,4,3,3,3,3,5,5,2,2,5,2,5
"B1K4305",5,2,4,2,3,3,5,2,5,2,4,1,2,4,2,3,2,4,2,3
"B1K0316",1,3,1,2,4,3,5,2,5,2,4,4,1,1,4,1,2,2,2,2
"B1K0607",3,5,2,2,2,3,4,5,4,5,2,5,2,2,3,5,4,1,4,1
"B1K1404",5,3,3,2,4,4,4,5,5,2,5,1,4,1,2,5,1,3,4,1
"B1K2520",3,1,3,4,4,1,1,4,3,2,2,2,2,1,4,3,4,2,2,3
"B1K2801",3,2,5,4,5,1,4,2,4,3,1,3,4,3,4,5,1,3,4,2
"B1K1908",3,2,2,1,5,5,4,5,4,3,4,4,1,5,5,2,1,3,4,1
"B1K5107",3,3,1,5,1,4,3,5,5,5,1,3,5,2,1,2,2,2,4,4
"B1K0317",4,3,4,2,4,4,1,4,5,2,2,4,5,5,1,4,2,5,3,4
"B1K1018",5,4,4,1,3,2,3,2,5,2,2,2,5,1,2,2,1,5,3,4
"B1K1703",3,4,2,3,2,2,4,1,3,1,3,1,3,4,2,5,5,2,2,3
"B1K1901",3,2,3,3,2,1,4,4,3,3,4,2,5,1,2,5,4,4,4,5
"B1K0620",4,4,1,4,4,4,5,1,5,3,3,3,1,3,3,4,4,3,3,5
"B1K1615",5,2,2,5,5,3,1,1,2,5,2,3,4,5,3,1,5,4,1,1
"B1K2111",3,4,5,2,5,5,3,5,2,5,5,5,2,2,3,4,1,3,2,5
"B1K2616",1,5,3,4,3,2,5,2,3,4,1,2,2,3,3,2,4,4,3,3
"B1K4210",4,1,1,5,2,3,3,4,5,5,1,4,5,3,3,5,1,4,1,2
"B1K1013",3,3,5,4,3,3,4,2,1,3,2,1,4,2,1,1,2,5,1,1
"B1K2007",4,1,4,5,2,1,5,2,3,1,5,2,2,2,1,3,1,1,1,1
"B1K0412",1,2,5,1,1,2,2,4,2,3,3,1,5,4,5,5,2,4,2,3
"B1K1610",5,3,4,4,3,4,4,1,1,2,1,2,2,2,3,5,5,5,2,5
"B1K2608",2,4,3,3,4,1,1,4,2,3,5,1,1,1,4,1,4,2,3,5
"B1K1809",4,2,5,1,1,5,3,1,2,4,3,4,3,5,3,4,4,3,5,5
"B1K3519",3,2,1,1,3,5,1,1,1,5,2,5,5,5,3,4,4,4,2,4
"B1K4201",3,1,4,3,4,4,3,3,3,3,3,5,3,5,4,5,4,2,3,2
"B1K2301",1,4,3,2,3,5,4,3,5,1,1,1,1,2,1,5,4,3,4,3
"B1K3213",3,1,3,5,4,2,3,4,2,1,4,5,4,4,4,4,1,4,3,1
"B1K1105",5,1,4,5,5,3,2,3,3,2,2,2,1,4,1,2,5,2,1,4
"B1K2403",3,5,2,5,3,1,2,2,3,5,1,1,3,1,4,5,2,2,5,1
"B1K4518",5,1,4,3,1,1,3,3,1,5,3,1,5,1,1,2,3,5,2,5
"B1K3007",2,1,1,1,4,5,1,3,1,4,2,2,5,2,5,4,4,4,4,5
"B1K3209",3,4,2,5,2,4,2,4,1,1,4,3,1,1,4,3,1,3,3,1
"B1K3619",2,1,2,1,1,4,3,3,2,1,2,2,1,3,3,3,5,3,2,3
"B1K1104",5,3,3,4,5,3,4,4,5,5,2,2,3,3,5,1,3,4,1,1
"B1K2711",2,5,4,3,5,1,5,2,2,5,3,2,2,3,4,4,3,5,1,2
"B1K3702",4,3,5,5,1,1,5,4,5,2,4,4,5,2,4,4,5,2,2,5
"B1K3003",1,1,5,3,1,4,5,2,4,5,4,5,4,2,1,1,1,4,1,1
"B1K1520",1,1,1,1,1,2,1,4,2,2,1,4,3,3,2,2,3,4,2,1
"B1K3820",3,3,4,4,1,3,5,5,4,4,1,1,4,2,1,1,2,4,2,4
"B1K2115",2,4,4,1,2,1,5,1,1,5,3,1,1,2,1,1,3,5,3,4
"B1K2508",3,4,4,4,4,3,3,4,4,4,1,4,3,3,5,3,2,1,4,4
"B1K3013",5,5,2,2,4,1,5,3,1,1,3,1,5,4,4,5,3,5,2,1
"B1K3808",2,4,2,1,2,4,2,1,2,5,4,3,3,3,2,5,1,5,3,1
"B1K1506",2,1,3,1,3,2,2,1,1,5,2,5,2,5,5,5,3,3,5,5
"B1K2813",5,4,5,1,5,3,1,5,4,4,3,2,5,4,1,3,1,1,2,5
"B1K3511",1,1,5,5,3,3,1,2,1,1,2,2,3,4,2,5,4,1,3,4
"B1K3812",4,1,1,1,5,2,5,2,1,1,5,4,1,1,1,3,3,1,2,5
"B1K4118",5,5,3,2,2,3,4,5,1,4,4,2,5,3,5,4,5,3,4,2
"B1K4505",1,3,5,4,2,4,2,5,5,3,5,4,2,2,1,4,1,2,5,1
"B1K3011",1,1,5,3,4,1,2,3,4,2,1,5,2,4,1,3,1,4,1,5
"B1K3303",2,4,2,3,1,5,2,3,1,4,3,2,4,3,1,3,4,2,5,1
"B1K3902",5,5,1,2,4,2,3,2,2,5,1,3,5,1,5,3,2,1,1,2
"B1K5020",2,5,2,5,3,1,1,2,3,4,2,1,3,3,3,1,5,1,2,3
"B1K2010",4,3,5,1,3,3,4,4,3,2,3,3,1,4,4,3,3,1,1,2
"B1K2807",4,3,2,5,3,5,4,5,1,1,4,4,3,3,1,4,5,3,4,3
"B1K3611",2,5,3,4,2,5,3,3,3,4,1,4,3,1,2,5,1,5,5,2
"B1K3801",5,4,5,1,3,1,4,5,5,5,1,3,3,5,1,2,1,1,2,3
"B1K4113",4,2,3,3,5,3,1,3,5,3,2,3,4,1,2,2,2,3,5,3
"B1K2208",3,5,2,2,5,1,2,2,3,3,2,1,4,2,2,2,4,2,3,3
"B1K2603",5,5,1,4,4,5,4,1,5,1,4,4,2,2,3,3,1,3,5,2
"B1K3119",1,5,1,4,4,1,3,2,3,5,4,2,1,4,5,2,2,2,2,4
"B1K5014",5,5,3,5,2,5,5,1,4,4,4,2,2,1,5,4,2,5,4,2
"B1K2218",5,1,4,2,4,3,3,5,4,2,1,4,3,4,1,4,1,4,4,5
"B1K3606",2,2,3,1,4,1,4,2,2,4,4,3,4,2,1,3,2,2,2,4
"B1K3916",4,5,2,4,2,4,5,5,5,4,3,1,3,5,3,5,4,2,4,5
"B1K4720",1,3,1,4,2,2,5,2,3,2,1,5,3,3,5,3,2,3,3,4
"B1K2202",3,3,2,2,3,4,5,2,3,4,5,2,4,5,1,1,3,4,3,4
"B1K2817",2,5,2,1,1,4,5,4,1,1,4,5,2,1,1,4,4,1,4,3
"B1K3105",4,3,3,4,5,2,1,3,5,1,1,5,4,5,2,3,3,1,4,4
"B1K2416",5,2,4,3,2,1,3,2,5,5,5,5,2,2,2,4,1,4,1,4
"B1K3020",1,5,4,3,5,5,4,2,2,3,5,2,3,4,3,4,3,1,2,4
"B1K3719",3,4,3,3,1,1,5,4,4,1,5,5,5,3,4,1,2,2,2,2
"B1K3912",4,1,4,4,4,5,2,4,2,2,3,5,4,3,3,5,3,5,1,5
"B1K4108",4,4,5,3,4,5,2,1,2,2,4,3,4,2,4,5,5,1,2,3
"B1K4712",3,4,3,5,3,4,3,1,1,3,4,4,3,2,2,1,2,3,4,3
"B1K2319",4,4,2,1,2,5,1,1,3,5,2,1,2,1,2,5,2,3,1,1
"B1K2902",3,1,5,1,3,5,2,1,1,4,2,1,3,3,2,2,2,4,2,3
"B1K3101",1,2,4,4,5,2,3,3,2,3,5,5,3,5,5,3,5,1,3,4
"B1K3513",3,4,3,4,3,2,3,2,2,5,1,3,5,3,4,3,5,3,2,3
"B1K1115",2,1,3,3,4,2,3,4,4,4,3,4,3,4,2,5,2,1,5,3
"B1K2407",3,5,1,5,3,4,5,1,5,3,5,5,2,5,5,2,1,3,5,3
"B1K3115",5,3,4,1,1,5,2,2,3,5,4,5,3,3,3,3,1,3,2,4
"B1K3711",4,1,5,4,1,1,4,2,5,1,5,3,2,1,5,4,2,1,3,4
"B1K4708",4,2,2,5,1,2,2,3,1,4,5,5,1,1,2,3,5,4,3,4
"B1K4704",2,2,2,5,5,2,2,3,5,2,3,1,5,1,2,2,5,2,5,1
"B1K5104",2,5,3,5,3,1,2,3,1,3,4,1,5,4,3,2,5,5,5,4
"B1K1401",2,2,1,3,5,4,5,2,2,3,1,4,3,2,1,3,2,2,1,1
"B1K2513",4,1,3,5,1,4,2,1,4,1,1,4,5,1,3,1,2,2,2,4
"B1K4409",2,3,3,2,3,4,2,5,5,3,2,4,3,2,2,5,1,4,1,3
"B1K4811",3,5,1,4,3,5,1,1,3,1,1,4,5,4,5,4,2,2,5,1
"B1K2402",1,3,1,2,4,3,3,4,4,5,2,3,5,1,5,1,1,5,2,4
"B1K3111",1,5,2,4,4,3,3,3,4,5,2,4,5,2,3,3,4,3,4,5
"B1K4813",2,3,2,1,3,2,1,5,3,4,2,2,2,2,3,2,1,1,1,5
"B1K5101",3,1,5,3,2,2,5,4,2,5,2,4,4,4,4,5,3,2,2,3
"B1K1504",3,4,4,1,3,4,2,2,4,1,1,2,4,1,3,4,4,5,2,1
"B1K2509",3,1,3,1,4,2,1,3,1,3,3,5,1,2,3,1,4,5,2,2
"B1K3814",4,3,5,5,2,5,4,5,5,1,2,2,1,3,1,5,5,1,2,1
"B1K4910",1,4,1,4,1,3,4,5,2,3,5,3,5,5,5,1,3,3,4,3
"B1K0507",4,2,2,4,2,2,4,2,4,4,4,2,2,3,3,2,5,1,5,3
"B1K3218",4,5,5,4,5,1,1,3,2,3,3,2,1,5,1,4,2,4,5,2
"B1K4806",1,3,5,3,5,5,2,3,1,5,2,4,2,4,3,5,4,5,1,4
"B1K4402",3,1,1,3,1,5,2,1,2,4,5,4,2,4,5,3,1,4,4,2
"B1K4908",1,2,1,5,2,5,2,3,3,1,5,4,2,5,4,3,3,2,1,5
"B1K4803",2,1,3,3,3,5,3,1,4,4,4,2,5,1,1,5,3,3,4,1
"B1K2206",3,3,4,3,1,4,3,1,3,2,4,5,3,5,5,4,4,4,2,5
"B1K3220",4,4,1,4,5,4,5,4,1,3,2,5,4,1,2,5,3,1,4,4
"B1K4904",1,2,3,4,1,1,1,2,4,1,3,2,3,2,1,5,3,3,4,3
"B1K0818",1,4,4,2,5,4,5,3,4,1,2,3,5,3,1,4,4,5,1,3
"B1K3504",2,4,4,5,5,2,2,1,1,4,3,1,1,2,1,4,2,4,5,2
"B1K5012",4,3,3,2,1,5,5,5,1,3,3,5,5,3,4,3,3,5,5,4
"B1K1718",2,1,4,2,5,5,1,5,4,5,3,3,1,2,5,3,3,5,1,2
"B1K4311",2,3,2,5,1,4,4,5,2,1,5,4,3,5,4,1,5,3,2,1
"B1K4620",3,1,3,1,3,1,5,2,4,1,3,1,1,4,3,2,5,4,1,3
"B1K4913",5,2,5,2,2,5,1,4,4,4,3,5,4,3,2,5,3,2,1,3
"B1K4017",3,4,5,1,3,4,1,2,5,2,3,4,3,5,5,5,5,1,5,5
"B1K5119",4,1,1,5,3,4,5,1,2,1,2,1,4,1,4,3,5,3,4,2
"B1K2302",5,2,4,2,2,1,4,1,2,2,4,4,1,1,5,5,4,4,5,5
"B1K3419",3,2,1,2,2,5,3,3,4,4,5,1,1,4,3,2,2,1,5,4
"B1K4615",1,3,2,4,1,4,1,3,4,1,5,3,2,4,1,4,3,1,3,3
"B1K4911",5,1,4,2,1,2,4,5,3,2,1,3,4,3,2,3,3,5,1,1
"B1K2413",4,2,2,2,1,2,2,4,2,4,3,4,3,3,5,1,5,3,1,5
"B1K3410",5,2,5,4,3,3,3,4,4,4,5,3,3,3,4,5,4,5,2,5
"B1K4420",3,1,4,2,4,2,4,1,1,5,4,5,1,2,2,4,2,5,4,4
"B1K5110",3,2,2,3,4,3,1,5,2,3,1,1,4,2,1,4,2,5,3,4
"B1K2405",2,1,2,4,3,5,2,1,3,1,5,3,4,3,5,4,4,3,3,5
"B1K4414",4,3,2,1,3,1,2,5,1,1,4,3,2,2,1,2,4,2,5,1
"B1K4603",5,2,5,4,1,1,4,2,4,1,5,1,1,4,3,4,1,4,5,1
"B1K2815",4,5,3,5,4,3,1,5,5,3,3,1,2,2,5,5,3,1,3,2
