"","run_1","run_2","run_3","run_4","run_5","run_6","run_7","run_8","run_9","run_10","run_11","run_12","run_13","run_14","run_15","run_16","run_17","run_18","run_19","run_20","run_21","run_22","run_23","run_24","run_25","run_26","run_27","run_28","run_29","run_30","run_31","run_32","run_33","run_34","run_35","run_36","run_37","run_38","run_39","run_40","run_41","run_42","run_43","run_44","run_45","run_46","run_47","run_48","run_49","run_50","run_51","run_52","run_53","run_54","run_55","run_56","run_57","run_58","run_59","run_60","run_61","run_62","run_63","run_64","run_65","run_66","run_67","run_68","run_69","run_70","run_71","run_72","run_73","run_74","run_75","run_76","run_77","run_78","run_79","run_80","run_81","run_82","run_83","run_84","run_85","run_86","run_87","run_88","run_89","run_90","run_91","run_92","run_93","run_94","run_95","run_96","run_97","run_98","run_99","run_100"
"B1K0204",9,1,9,7,6,1,10,5,1,7,9,6,10,7,10,5,4,6,3,5,2,4,10,1,5,1,1,9,9,10,10,4,4,2,7,5,6,9,7,10,1,1,8,2,8,5,5,7,2,7,2,3,7,5,7,3,6,9,2,5,2,1,2,8,2,7,3,2,1,3,7,9,8,9,9,8,3,10,9,7,6,10,7,6,8,1,1,1,10,10,10,4,6,6,2,9,8,9,1,2
"B1K0314",8,1,2,10,6,10,8,2,4,3,1,7,5,5,8,1,6,7,8,8,1,2,6,8,7,6,8,4,7,4,5,7,10,5,7,8,10,4,1,1,8,7,10,4,5,5,2,4,3,4,5,5,7,8,4,2,9,6,10,3,10,4,8,8,7,10,10,1,5,10,7,8,8,8,1,7,1,1,9,4,6,7,1,7,3,2,2,8,5,2,8,7,10,10,1,3,1,9,3,4
"B1K0516",1,8,7,8,10,10,7,1,3,3,8,1,7,7,1,9,6,6,3,8,4,4,10,1,7,5,7,4,3,3,8,3,1,6,10,3,7,2,4,2,2,2,8,10,3,2,2,10,6,5,10,6,8,10,4,5,6,10,10,5,5,1,10,6,4,4,1,6,3,2,8,10,10,7,8,4,9,6,10,5,5,2,9,9,9,6,3,10,5,10,2,8,2,7,3,9,10,10,5,10
"B1K0802",3,9,10,5,10,8,10,5,7,9,7,2,6,6,2,5,5,9,9,7,8,6,6,2,4,8,7,3,7,6,4,1,5,9,10,10,1,6,5,7,4,5,6,1,8,2,9,6,4,2,3,2,5,7,3,8,7,7,7,8,2,2,6,3,9,6,2,9,8,10,7,3,1,8,4,3,9,7,4,3,8,1,3,6,1,9,2,7,6,10,2,10,6,4,7,2,3,1,7,10
"B1K0901",6,9,8,10,8,3,2,2,4,2,3,6,7,4,7,3,5,2,8,4,2,7,8,5,10,10,1,8,2,9,10,8,5,2,1,8,3,9,5,9,2,7,10,2,8,5,7,4,7,4,8,1,10,4,3,8,10,9,10,10,5,8,3,1,4,8,10,5,4,2,10,2,6,3,8,10,10,7,1,4,6,4,1,6,4,10,2,7,8,5,4,1,1,8,1,10,6,4,10,8
"B1K2214",3,10,6,5,8,3,8,10,4,6,5,5,2,3,4,9,3,1,10,10,10,8,7,10,4,6,6,6,9,3,10,7,7,2,4,1,7,3,2,6,6,2,3,4,2,3,5,4,3,3,7,1,4,6,6,8,7,4,6,6,10,9,10,1,9,3,8,7,3,10,7,2,3,4,5,1,8,10,3,9,9,10,10,4,4,7,2,4,3,9,7,7,9,5,2,4,6,6,1,10
"B1K3520",5,4,5,4,9,8,7,7,8,6,9,4,1,5,10,5,7,3,4,4,1,8,6,7,2,10,10,1,10,2,4,9,7,3,7,1,3,7,7,3,3,4,9,9,7,8,3,5,9,10,9,3,2,10,5,6,8,4,9,10,1,9,10,7,4,1,7,10,2,5,9,5,1,5,10,6,3,4,9,10,10,5,8,8,2,9,2,1,1,8,4,6,7,2,4,8,6,7,5,10
"B1K4207",7,3,1,8,9,6,8,7,6,6,2,10,7,6,6,4,10,8,1,10,3,1,5,7,7,4,3,2,1,8,7,8,8,4,3,3,10,2,6,5,10,8,6,9,10,1,5,4,10,4,4,2,4,10,8,5,2,1,6,3,7,5,9,3,5,5,10,9,4,6,8,1,7,9,7,4,10,6,9,8,4,5,3,10,9,4,1,4,8,5,1,5,1,9,10,6,10,7,6,8
"B1K0206",4,8,5,8,2,5,10,7,6,1,3,1,5,2,8,3,1,2,4,1,4,5,2,10,1,2,9,7,6,6,8,1,3,1,2,3,3,8,1,10,5,2,6,3,7,2,10,10,1,3,7,10,9,7,8,7,10,6,5,5,7,9,7,1,2,6,3,5,1,5,3,3,9,10,5,10,9,2,1,3,10,8,9,2,3,6,4,8,9,8,5,1,2,7,6,2,4,8,2,2
"B1K0403",8,7,4,10,7,10,2,1,8,4,2,4,6,8,6,1,4,2,1,6,6,9,7,5,1,3,6,2,1,5,2,1,3,10,7,5,6,6,7,4,3,5,5,9,10,8,7,2,9,10,1,4,4,4,3,7,10,10,9,4,2,4,3,1,3,5,4,10,4,4,4,7,9,3,1,1,7,10,9,8,8,4,10,6,6,3,8,3,8,4,2,5,2,6,8,5,2,5,7,4
"B1K0904",9,2,6,3,4,10,9,2,7,7,7,3,7,7,7,1,4,3,1,5,3,5,6,7,4,5,10,7,1,5,2,9,10,8,8,2,3,7,9,5,9,1,2,5,9,4,8,4,3,7,4,5,9,4,4,1,8,8,9,1,10,10,2,6,1,3,2,3,3,6,3,1,5,8,4,6,8,6,1,2,2,6,10,8,1,6,2,2,4,10,1,10,5,10,4,10,7,6,2,3
"B1K1118",3,9,3,4,6,3,8,10,1,10,1,4,2,2,2,4,2,5,9,5,8,5,3,9,3,4,3,3,10,7,10,5,5,3,6,8,10,8,4,9,1,8,7,8,10,9,7,6,1,8,3,2,8,9,1,3,5,4,9,8,8,3,1,4,9,3,7,8,9,10,10,4,1,2,7,4,10,8,5,6,4,9,10,9,1,2,2,5,1,3,6,6,4,10,8,7,2,10,9,3
"B1K1905",3,6,3,7,3,10,4,3,2,7,3,3,7,9,7,3,10,1,5,10,10,2,5,5,3,3,7,1,5,1,2,6,4,2,8,5,4,2,7,3,9,3,3,9,4,2,8,3,8,3,6,8,3,9,7,5,7,8,8,10,5,5,2,7,1,8,1,6,8,4,4,7,4,2,1,9,9,8,5,8,10,6,9,4,8,7,7,9,10,9,9,10,1,6,5,3,9,3,6,5
"B1K2307",8,9,8,3,5,6,4,4,10,2,9,8,2,7,8,5,8,7,5,4,9,10,3,1,8,1,9,6,10,2,2,8,2,3,2,3,2,10,6,9,8,4,10,10,4,7,3,2,5,4,1,9,6,5,1,2,2,10,6,5,2,7,8,1,10,10,6,1,2,3,5,10,5,2,1,10,8,1,2,6,5,4,6,3,10,6,7,6,6,1,3,9,5,8,10,10,7,7,8,7
"B1K3604",2,6,6,6,2,1,4,2,4,10,10,9,2,10,8,5,7,9,5,4,7,7,1,3,9,10,7,7,1,6,10,3,8,7,7,6,3,6,3,5,1,9,10,3,8,6,5,10,2,3,7,10,5,3,5,3,5,5,3,1,1,9,3,9,3,3,6,8,3,3,4,4,8,10,8,4,9,4,4,2,3,9,9,9,6,5,8,2,4,8,4,5,1,10,9,9,10,3,8,8
"B1K1206",4,6,5,1,3,9,8,2,1,10,8,2,5,3,10,3,1,10,4,2,3,8,4,4,10,10,4,2,1,5,9,9,10,1,10,10,6,3,1,5,3,7,10,1,7,1,1,2,10,2,10,7,10,10,5,9,10,3,5,8,1,6,6,3,1,2,2,6,3,9,1,4,6,10,10,5,9,4,9,4,1,10,2,1,4,1,10,7,8,6,10,10,1,1,1,4,10,1,1,7
"B1K0212",6,9,10,9,6,6,7,8,2,5,7,2,2,2,8,4,7,10,9,5,2,5,1,9,9,4,5,9,7,1,3,3,10,1,10,10,5,5,6,5,6,2,9,4,7,10,3,1,9,6,9,8,8,7,5,4,2,4,5,1,6,1,3,10,3,9,10,10,8,4,10,5,9,6,10,6,10,4,7,4,10,4,6,1,5,8,3,6,1,10,3,6,2,7,10,6,1,4,7,4
"B1K0408",10,4,1,4,10,8,9,4,5,2,6,3,9,2,8,5,2,7,8,10,2,2,10,2,9,10,3,5,3,9,8,4,4,4,2,10,10,7,8,3,6,3,2,8,7,1,4,10,8,10,10,10,9,6,7,8,2,4,10,6,6,6,4,9,1,8,8,7,4,4,10,5,8,7,9,4,10,10,2,5,8,4,3,7,5,6,1,4,7,3,4,5,3,4,8,7,5,2,8,5
"B1K0601",4,6,3,2,7,8,4,5,3,7,1,3,2,8,9,1,7,10,1,7,8,1,10,5,1,9,3,5,8,4,8,1,9,1,9,10,7,8,9,10,3,4,2,3,10,7,7,10,9,8,4,1,4,8,9,5,7,4,1,4,8,6,2,1,8,2,3,2,7,3,7,9,3,5,6,8,9,10,6,2,1,10,7,10,1,5,5,6,1,9,2,3,4,5,1,1,3,3,9,9
"B1K0805",10,9,9,3,5,10,5,2,9,10,1,7,2,8,6,6,4,6,10,1,10,10,1,9,6,9,7,7,2,1,3,2,1,4,3,5,3,4,5,8,7,4,3,8,10,5,5,4,4,4,10,1,2,5,6,4,1,10,9,8,10,8,5,4,1,4,7,8,2,1,9,5,4,4,1,10,3,9,10,1,10,5,6,8,7,2,10,10,5,3,10,4,2,3,6,1,7,10,2,7
"B1K0909",2,3,4,2,9,7,6,10,3,2,10,4,4,5,1,4,4,8,9,10,6,9,3,8,7,3,1,6,4,6,7,5,2,10,4,6,1,6,8,3,1,5,1,4,7,5,4,3,10,7,6,10,8,9,5,3,4,6,1,6,9,8,9,5,3,6,6,1,8,10,2,7,6,1,3,5,4,7,3,10,9,1,2,10,4,6,7,1,2,9,8,3,4,7,10,2,1,9,10,1
"B1K1120",1,4,4,2,4,7,6,5,5,8,10,7,1,2,4,6,9,9,7,2,8,10,7,8,9,9,7,6,2,10,10,5,1,5,5,6,7,2,1,7,4,8,7,3,3,4,8,1,6,3,5,2,7,1,3,1,5,4,9,10,3,8,7,4,7,4,3,5,9,1,9,9,8,8,1,5,1,8,8,1,6,7,8,2,8,8,2,4,2,7,6,1,2,2,1,8,2,6,3,2
"B1K2001",7,6,4,6,3,10,8,5,9,1,4,6,1,5,2,1,10,1,9,4,3,5,1,7,3,5,7,5,2,1,8,1,6,2,6,7,5,10,3,8,9,8,9,7,6,10,8,6,4,3,2,4,9,1,1,3,1,7,4,6,9,3,5,9,3,2,10,2,10,5,1,6,4,2,8,7,4,2,4,2,2,10,10,4,9,10,9,4,8,2,5,8,7,8,6,1,9,9,2,8
"B1K2311",10,8,6,2,8,8,8,1,3,9,1,5,7,7,10,3,9,1,8,1,10,2,10,2,2,2,10,9,6,10,5,4,10,4,7,8,4,6,5,3,5,10,8,5,1,9,1,2,6,2,6,6,2,5,7,1,6,8,8,3,4,2,1,4,9,10,6,2,9,8,4,3,8,4,2,8,3,2,10,6,8,5,7,10,5,4,3,10,1,10,1,4,9,7,2,2,5,3,1,3
"B1K3720",6,3,9,7,3,10,10,6,6,6,6,9,3,3,4,7,7,5,6,2,10,10,9,8,3,6,6,4,6,6,2,4,10,5,9,2,2,7,3,7,1,2,2,2,6,1,1,1,3,10,10,3,5,1,3,10,6,9,5,3,10,5,8,2,8,9,2,8,9,4,1,9,7,8,7,3,9,10,5,10,8,8,9,10,9,6,4,5,10,1,3,4,3,1,10,6,2,4,8,4
"B1K0806",2,2,5,2,6,9,9,6,7,5,10,7,1,9,5,3,8,3,10,4,7,2,10,1,3,5,9,3,9,7,4,8,9,10,7,4,4,10,8,9,1,4,1,9,3,6,6,9,4,7,3,3,1,3,1,6,5,9,10,7,3,1,7,6,6,2,8,6,6,10,6,7,1,3,8,4,4,4,9,3,1,10,9,1,4,3,10,10,1,1,7,1,8,1,2,6,2,10,2,7
"B1K0214",4,1,7,10,10,1,7,7,6,3,7,8,8,9,4,9,9,8,5,4,8,7,4,7,8,7,8,3,3,4,2,6,5,3,1,6,9,9,6,9,1,7,5,7,1,8,9,5,10,7,5,10,4,3,2,10,7,3,7,2,1,5,8,4,6,5,10,3,2,8,3,7,5,1,3,5,6,5,6,7,7,6,9,3,9,9,3,2,6,5,7,7,9,8,5,3,3,4,8,3
"B1K0606",5,8,7,4,7,3,6,6,4,6,7,7,4,6,10,3,8,6,2,1,1,3,1,3,9,10,5,8,10,3,6,4,9,2,6,6,4,5,8,8,8,3,8,4,1,6,3,4,7,9,9,2,3,6,8,6,5,2,9,10,6,2,10,4,8,10,10,3,7,9,2,10,7,4,2,10,5,8,2,10,9,6,10,9,6,8,3,2,8,10,5,5,2,1,10,4,10,8,3,7
"B1K0808",10,8,5,1,10,6,9,8,6,5,10,3,10,8,5,8,7,7,4,3,2,6,8,3,6,9,3,10,8,3,6,5,10,9,8,4,8,2,9,1,5,8,9,8,10,4,8,1,6,9,7,2,3,9,7,1,7,7,10,10,9,5,9,8,9,5,7,4,8,10,10,1,1,1,10,2,7,2,6,1,8,3,3,3,8,8,4,5,9,8,2,2,5,10,2,3,7,5,3,8
"B1K1003",8,3,5,7,10,5,6,8,9,1,3,4,4,4,6,6,9,6,7,5,9,3,6,4,6,6,4,7,8,3,2,1,6,7,2,2,2,4,6,6,4,9,5,10,5,7,8,10,6,8,7,4,8,6,8,6,1,9,4,6,4,4,9,9,1,10,3,9,2,8,4,6,8,8,4,9,10,9,6,2,3,4,8,5,3,9,10,6,3,7,4,9,1,6,10,10,8,2,9,6
"B1K2020",5,2,8,10,9,4,8,4,10,1,4,5,2,8,7,10,1,6,6,9,4,1,9,8,6,6,8,1,3,1,5,5,10,5,8,1,10,1,5,7,6,2,3,10,10,2,2,10,2,10,2,1,10,6,6,4,4,8,10,9,8,5,3,3,1,3,7,4,9,8,7,7,6,9,6,10,1,1,8,3,5,10,2,10,8,7,9,1,9,10,6,8,9,9,10,6,5,5,3,8
"B1K2409",2,10,5,2,1,8,5,2,8,9,3,10,1,1,4,8,9,2,4,8,5,3,9,10,5,2,10,2,5,2,1,2,9,4,7,3,5,3,9,10,1,6,7,3,8,2,10,2,8,6,3,3,3,6,8,2,8,7,7,3,10,8,7,6,10,4,2,9,5,4,8,7,7,2,9,7,4,3,3,10,10,10,5,10,8,6,10,2,8,6,9,4,10,4,8,1,3,3,5,4
"B1K2008",4,6,4,2,9,9,3,7,5,6,7,10,10,2,10,2,3,2,10,1,4,2,9,6,3,8,2,10,7,1,5,9,10,2,8,9,4,2,8,1,10,8,5,9,8,8,4,10,6,8,8,10,2,8,5,7,9,7,2,9,8,2,5,3,7,5,1,6,1,8,9,10,10,3,4,10,10,10,8,4,9,2,2,1,2,6,9,7,7,3,2,8,8,4,4,6,5,5,8,1
"B1K0916",2,3,7,8,3,5,3,1,3,5,5,1,10,1,9,7,8,8,1,9,3,7,8,7,3,5,3,6,6,7,8,5,5,9,10,5,7,4,4,10,4,2,10,8,7,5,7,9,4,3,6,1,2,7,8,9,3,4,6,5,6,1,3,9,7,8,5,3,8,10,10,8,4,2,5,10,2,5,2,8,7,7,10,2,10,1,1,6,1,3,9,4,5,10,4,3,3,9,5,3
"B1K0303",1,9,4,4,2,8,3,8,1,1,1,2,5,3,3,9,4,1,4,7,10,8,6,8,7,8,5,4,4,5,10,9,9,3,2,4,7,3,7,7,7,4,7,5,1,6,2,3,9,3,7,7,1,5,8,8,6,5,3,3,4,9,7,3,10,1,8,4,10,3,1,10,5,9,2,1,9,6,2,6,5,2,9,3,6,5,8,6,10,10,8,5,8,8,10,4,3,2,4,1
"B1K0809",2,6,8,1,7,4,8,9,6,10,1,5,7,7,8,5,6,2,7,9,9,3,7,7,5,8,10,8,2,1,9,3,1,2,6,9,10,3,5,5,7,10,4,6,2,6,2,4,7,9,9,2,5,8,2,4,7,5,5,7,7,2,10,10,5,6,9,10,9,5,3,1,8,9,7,2,8,7,7,1,1,4,7,10,3,8,3,9,7,3,7,6,10,9,7,8,4,1,1,10
"B1K1012",2,4,8,4,2,10,10,4,9,8,6,8,8,2,6,8,5,9,6,4,4,7,4,3,4,6,2,9,5,10,10,8,8,6,7,9,3,6,1,5,2,3,1,7,4,10,10,1,10,9,6,8,6,3,1,1,5,5,6,4,7,1,1,10,9,4,2,7,4,8,9,2,2,3,7,8,4,2,9,3,4,5,5,4,8,4,1,3,10,8,5,9,3,7,5,10,9,3,3,6
"B1K1505",10,7,9,7,3,2,5,10,8,1,2,7,9,10,3,2,2,7,5,9,9,8,7,2,1,4,8,9,2,7,10,6,10,3,4,10,2,10,10,9,4,9,8,5,9,7,3,10,3,6,10,2,9,6,9,6,5,5,4,7,8,4,7,6,2,1,5,8,2,3,7,6,9,5,9,8,3,4,8,8,3,8,10,8,7,1,1,8,10,7,9,3,9,5,3,9,6,3,3,3
"B1K2605",3,1,1,7,5,4,10,7,5,4,2,10,5,5,2,10,8,10,1,1,2,5,3,9,8,7,2,3,3,10,4,4,9,6,6,9,5,4,3,4,7,5,1,5,10,7,9,3,9,8,4,7,6,5,5,4,9,1,4,5,2,4,9,6,8,6,10,3,1,5,5,4,1,9,9,6,10,2,9,3,7,2,3,4,10,5,9,6,4,1,1,3,9,8,2,8,10,7,6,6
"B1K0201",1,5,10,6,7,10,10,1,8,8,1,4,8,8,10,1,8,4,3,8,6,10,5,10,1,4,4,9,5,8,6,7,8,10,9,1,1,2,3,10,3,9,6,3,7,4,7,8,8,6,3,5,7,1,10,9,6,7,3,6,2,6,8,7,9,7,1,4,10,7,1,5,3,10,10,4,9,3,10,10,6,1,10,10,6,7,6,7,1,8,3,1,3,3,3,10,1,7,8,4
"B1K0503",7,2,4,9,6,6,9,6,6,3,3,9,1,4,6,4,6,9,3,10,2,7,4,3,10,4,4,6,6,2,4,7,7,3,2,5,2,2,2,4,9,4,5,6,6,7,2,3,6,2,1,5,10,2,7,2,10,3,6,7,7,3,3,5,1,4,4,3,1,6,1,8,1,1,4,1,1,2,6,5,7,9,8,6,1,3,6,4,2,2,8,10,8,9,6,8,10,4,2,8
"B1K1310",3,3,6,3,2,9,10,9,10,3,4,6,10,1,5,10,2,5,7,10,10,9,9,4,10,5,7,7,6,10,3,9,8,2,4,4,5,5,3,6,8,10,5,8,10,1,10,6,4,2,7,2,3,8,1,6,8,3,8,5,6,2,7,5,5,3,3,2,6,9,6,1,2,7,10,8,4,9,7,4,5,5,10,5,6,8,1,6,10,5,6,3,8,1,10,6,9,10,7,5
"B1K0216",9,7,8,6,1,2,2,7,6,7,2,1,3,9,3,10,9,9,5,3,8,8,8,2,2,6,6,3,10,8,9,6,6,9,4,6,7,5,6,4,7,3,3,6,1,4,1,7,2,1,7,6,1,6,3,9,8,6,7,10,4,2,1,3,2,6,8,5,9,4,8,2,1,6,2,6,1,10,1,1,6,7,6,9,9,8,3,10,3,5,8,4,3,7,6,9,1,9,7,9
"B1K0615",8,2,7,9,1,4,1,7,5,7,10,10,7,9,1,6,7,5,10,4,8,1,4,9,7,3,6,6,9,10,1,3,2,7,5,8,9,1,10,7,1,10,4,8,4,6,6,10,3,5,6,9,10,10,6,2,1,3,3,1,2,10,3,4,3,7,7,7,1,5,4,8,6,6,6,5,7,10,10,10,9,2,8,9,5,4,1,3,8,10,3,2,7,6,6,1,3,1,2,9
"B1K0815",4,9,8,7,8,10,6,6,9,7,4,8,9,4,9,5,9,4,9,7,9,10,7,7,6,2,1,2,3,4,7,5,6,2,3,10,3,7,7,6,7,9,9,9,9,3,2,9,5,2,5,3,6,9,6,5,1,3,4,2,7,1,3,10,2,7,3,3,1,4,4,9,10,5,3,1,2,3,8,3,1,1,1,9,3,10,9,6,6,2,4,5,2,10,8,10,6,10,4,4
"B1K1517",4,6,1,10,8,10,4,1,1,2,5,10,6,4,3,1,8,10,7,10,5,2,10,5,10,7,10,9,7,8,4,10,9,5,1,4,6,8,1,4,6,1,9,9,4,6,7,8,10,2,8,3,5,6,9,3,10,6,7,9,9,5,4,6,2,9,4,5,7,3,7,10,2,4,3,2,3,3,10,7,6,7,3,2,7,10,8,9,5,5,2,7,5,9,2,7,9,6,2,5
"B1K2209",9,8,8,9,3,10,2,3,4,9,8,8,9,7,1,10,9,3,5,3,6,5,4,10,8,4,7,8,4,1,1,8,8,6,1,8,3,10,7,1,1,3,1,5,6,6,9,6,8,3,7,4,9,8,7,5,10,9,5,6,4,3,8,5,4,3,8,7,3,4,9,4,10,9,2,1,1,6,2,5,9,4,3,7,7,5,4,9,5,3,6,8,7,4,8,10,1,6,10,6
"B1K0911",5,10,10,3,6,6,1,6,10,8,1,7,6,9,3,10,7,2,7,5,4,3,10,4,9,2,8,5,7,6,6,7,10,7,4,2,4,4,3,10,10,10,1,7,3,8,5,3,7,4,6,8,10,5,9,1,4,5,2,3,2,6,6,10,4,1,3,10,1,7,6,9,2,5,8,1,5,6,6,6,9,6,7,2,4,5,7,9,7,3,6,1,4,3,5,9,10,8,2,4
"B1K0910",7,2,6,1,7,9,10,8,2,5,5,8,3,6,9,9,7,9,6,2,7,3,8,7,5,10,3,10,9,9,2,9,3,4,5,10,5,10,2,4,7,6,2,10,8,4,10,10,9,6,1,10,2,6,8,4,8,4,4,2,6,9,5,9,3,9,9,1,5,2,1,3,7,7,2,2,6,9,2,10,10,8,8,5,9,9,5,3,9,7,4,10,9,10,9,8,3,8,9,3
"B1K1314",5,3,8,5,8,4,2,5,3,2,6,3,6,2,10,10,10,3,4,3,1,9,7,1,6,8,10,10,6,7,5,3,7,5,5,7,9,10,7,10,6,1,2,2,6,1,1,7,7,5,3,7,6,4,4,4,1,7,4,5,10,8,3,5,2,8,6,4,9,10,2,7,5,8,4,3,5,4,8,3,3,5,6,4,6,8,4,4,6,6,5,1,3,7,3,9,9,6,2,6
"B1K0310",8,6,10,10,9,10,10,4,8,2,4,4,9,9,10,3,10,4,10,8,2,7,8,8,8,2,9,10,4,6,8,7,10,10,7,1,6,9,5,3,9,7,6,1,10,7,7,4,5,1,7,8,3,7,10,6,9,10,1,8,2,5,4,4,4,7,4,5,6,1,10,2,7,5,6,7,2,2,6,5,1,8,8,4,3,3,5,10,10,5,10,10,8,8,5,1,7,3,9,1
"B1K0619",6,8,4,5,4,5,5,2,2,6,8,10,4,3,1,1,5,2,3,6,1,1,10,2,9,2,1,1,6,5,2,8,5,10,6,8,7,1,10,2,10,1,10,10,2,7,7,9,10,7,6,2,2,7,1,4,8,1,5,4,7,5,10,2,7,4,5,10,7,2,1,9,4,8,8,10,7,1,3,7,1,1,8,2,4,1,1,5,7,8,3,2,5,3,9,1,1,1,10,2
"B1K0816",6,6,10,7,9,1,4,5,6,9,3,9,4,7,2,4,3,5,9,10,10,4,6,4,3,9,9,7,5,3,7,1,4,7,1,7,9,4,10,4,3,7,6,6,10,2,10,6,8,4,6,8,5,5,1,5,9,5,5,2,1,3,10,2,2,1,1,10,1,7,3,1,10,10,4,9,4,4,9,4,3,10,6,10,3,8,7,8,3,5,3,2,2,3,10,10,10,4,6,4
"B1K1109",10,10,3,9,3,7,5,5,10,8,6,9,4,6,2,6,2,8,10,7,7,6,5,7,4,1,9,8,6,4,8,10,3,8,1,7,6,3,7,10,4,9,4,4,5,9,9,6,4,7,1,6,2,9,2,2,1,10,5,7,3,3,9,7,4,3,9,10,10,5,2,2,3,3,6,10,1,5,6,10,5,10,9,10,3,4,2,5,9,6,1,6,5,5,10,1,4,8,9,5
"B1K1701",1,10,7,7,2,4,1,1,8,5,3,10,10,1,10,2,10,4,2,8,2,8,10,3,8,10,3,5,5,8,8,4,1,2,4,4,7,7,7,2,2,4,3,5,6,2,6,6,7,3,6,10,5,8,1,8,1,2,5,9,8,10,10,6,1,5,1,7,5,5,6,2,8,1,8,9,5,9,5,10,9,8,3,10,10,5,3,3,10,6,7,6,4,3,3,1,1,2,7,8
"B1K2212",9,6,2,4,10,5,5,10,9,4,1,1,2,6,4,10,1,5,4,8,2,5,5,4,2,5,5,9,1,3,1,1,6,5,8,3,3,9,6,7,5,6,1,7,2,3,3,5,9,9,1,5,4,7,2,7,6,3,2,9,10,2,3,1,3,9,5,1,5,2,2,1,6,2,7,5,4,7,3,7,4,2,5,4,3,1,2,1,9,4,1,2,7,9,3,10,8,8,4,2
"B1K0903",5,9,9,8,8,9,4,3,10,5,2,7,9,2,2,1,6,1,7,9,8,9,5,9,1,4,8,1,8,9,9,3,7,6,1,1,7,10,10,9,7,3,3,7,2,5,8,2,4,5,3,3,1,10,10,6,3,6,6,5,6,10,6,2,1,5,9,3,3,5,3,5,6,6,8,9,3,5,7,2,3,3,1,5,5,4,8,2,1,1,7,9,10,5,10,1,6,2,6,10
"B1K0311",6,5,10,9,5,3,7,4,9,3,10,8,10,10,7,10,1,8,2,4,4,7,8,10,10,7,10,7,10,5,3,3,9,9,4,6,8,6,10,2,3,4,9,2,8,8,7,2,2,1,5,5,6,10,5,7,9,9,9,7,9,7,9,8,8,7,7,10,3,7,5,2,2,10,2,1,2,4,6,1,10,7,1,10,5,3,1,2,9,7,10,7,9,10,2,3,1,10,3,1
"B1K0817",6,4,2,10,4,6,7,1,4,8,7,1,10,10,3,4,1,10,3,10,3,7,8,3,4,5,3,9,5,9,2,5,1,3,8,3,7,1,2,4,7,4,9,5,5,10,6,7,5,5,10,8,9,3,10,9,3,7,9,3,5,2,1,7,9,7,7,10,5,7,4,1,2,3,9,9,3,3,2,9,2,1,7,3,8,8,6,4,7,2,3,1,9,1,4,5,8,6,6,1
"B1K3405",5,7,8,1,10,10,7,9,7,5,6,6,2,3,7,9,9,2,6,4,8,1,9,1,1,7,1,4,10,9,5,2,4,7,7,2,4,3,10,3,2,5,9,4,7,8,10,10,1,6,4,3,7,2,2,1,3,8,1,8,1,5,8,5,5,8,9,9,6,10,10,9,4,3,6,7,2,8,4,2,7,5,1,4,4,4,4,4,5,2,2,2,1,4,2,5,4,10,4,5
"B1K3508",8,9,10,3,2,4,6,8,2,9,10,10,8,9,3,3,6,10,2,10,5,5,10,6,6,1,9,7,4,6,4,1,10,9,1,2,8,8,4,2,7,6,9,6,5,8,1,6,3,1,10,8,10,2,7,10,4,5,4,1,1,1,6,6,3,10,8,9,6,10,3,10,4,3,9,5,9,9,8,7,6,6,10,8,7,7,7,6,6,7,9,4,1,1,8,10,4,8,7,9
"B1K1507",4,1,7,6,2,3,1,8,3,10,6,5,7,4,1,7,1,5,9,10,10,6,5,5,2,3,1,5,1,3,4,7,3,5,9,8,8,7,10,1,7,1,2,8,7,7,8,2,5,3,3,5,4,9,10,3,7,3,10,8,9,9,9,8,4,9,9,3,2,10,8,6,1,4,2,3,4,3,5,5,9,1,2,9,5,2,4,1,4,7,10,2,10,10,7,2,8,7,6,9
"B1K1606",1,10,9,9,1,6,4,7,1,5,5,6,5,1,4,6,4,4,9,2,2,3,6,4,7,8,8,9,7,10,5,1,1,10,10,7,8,6,10,7,9,3,4,10,7,10,5,3,5,9,5,9,8,4,4,6,4,10,4,6,2,9,6,10,4,5,10,2,10,6,8,7,3,10,5,6,4,1,1,9,3,9,4,7,9,4,4,9,10,2,1,10,5,5,6,8,5,2,4,8
"B1K1805",8,4,7,8,3,10,4,1,6,3,3,10,8,1,9,5,9,7,7,2,9,1,5,9,1,7,10,8,8,7,2,3,1,7,9,7,1,8,4,2,5,6,3,8,7,3,7,3,8,10,10,4,1,9,9,3,3,5,8,7,3,5,2,10,8,7,4,9,3,2,7,3,3,3,8,9,9,1,3,9,1,3,2,2,4,6,10,10,9,1,10,1,8,2,4,8,3,4,5,2
"B1K2210",5,1,10,7,6,5,5,5,2,6,7,8,1,8,7,5,6,4,10,7,10,4,2,4,2,2,2,5,10,10,5,10,6,5,10,4,4,2,5,7,3,7,6,1,7,6,5,4,7,8,9,6,6,4,6,7,5,3,10,3,7,10,10,6,9,3,8,3,5,10,5,3,4,7,10,2,5,8,4,4,4,3,10,3,2,1,1,4,6,8,10,6,6,4,1,5,2,5,6,7
"B1K3602",1,10,2,10,3,3,2,4,3,4,10,10,1,8,6,4,4,5,8,5,10,2,8,6,8,3,2,7,6,7,6,7,9,9,2,2,1,10,2,7,10,4,4,1,6,1,3,4,8,7,6,7,4,2,4,10,4,2,3,9,7,3,5,3,5,6,5,10,9,7,9,5,6,10,4,6,9,7,7,2,4,2,8,4,7,6,7,10,5,10,6,3,8,10,8,10,6,8,6,9
"B1K0213",4,7,7,4,5,6,2,1,6,6,2,6,1,5,7,7,9,10,2,9,9,9,6,1,9,2,7,10,2,5,3,5,5,6,5,7,6,6,9,1,3,4,6,10,2,6,6,10,1,4,3,4,8,2,10,4,10,10,8,4,7,1,4,8,1,1,6,2,7,5,2,5,5,3,10,4,10,3,8,5,4,2,10,6,1,6,9,2,1,7,9,5,8,6,3,8,10,9,6,4
"B1K0510",10,1,10,8,10,4,5,8,10,10,2,6,4,10,5,2,5,6,6,9,9,10,10,1,8,10,2,1,5,10,4,10,10,8,10,8,1,5,10,4,10,8,9,5,5,7,3,7,8,8,8,6,2,8,9,5,10,6,5,9,7,9,1,2,9,7,2,10,5,1,3,10,5,9,4,6,4,3,9,10,10,3,8,9,3,10,5,7,9,9,8,1,8,5,6,6,9,6,4,1
"B1K0801",3,6,9,2,9,9,9,10,1,2,2,10,7,5,10,4,9,6,1,10,6,10,10,8,8,7,2,6,9,3,5,9,7,8,9,10,8,10,8,1,2,3,8,9,3,9,8,10,10,8,1,2,8,5,2,10,9,10,5,7,6,10,10,3,7,10,3,10,5,1,9,2,10,10,4,2,10,4,4,1,4,8,6,5,10,2,1,9,6,4,9,4,7,1,3,6,4,4,6,1
"B1K1920",8,8,6,2,7,9,1,10,10,4,3,10,10,7,5,7,5,4,9,3,9,8,6,4,8,10,2,9,9,3,1,8,9,10,10,3,6,9,2,6,1,10,4,5,4,3,2,7,10,10,1,10,8,7,1,8,1,3,9,7,4,10,10,9,3,10,9,9,6,5,10,7,8,3,9,6,3,8,7,3,8,10,2,3,10,3,6,1,10,5,1,6,3,8,7,3,7,7,8,7
"B1K2418",6,6,5,4,9,2,7,9,2,8,1,10,10,10,7,8,4,6,2,1,2,10,2,5,3,2,4,10,7,9,6,5,6,5,3,3,6,7,5,8,2,8,5,5,10,5,8,7,7,7,4,10,6,3,3,10,5,9,1,4,4,8,1,7,7,9,7,1,2,9,8,4,7,6,1,8,6,9,5,10,3,6,7,7,7,1,8,9,10,10,6,7,10,2,9,10,8,10,7,10
"B1K2719",1,7,6,3,1,7,8,2,10,3,7,2,5,7,3,5,6,3,8,5,1,5,9,9,1,7,10,7,2,5,1,2,2,4,10,7,1,8,8,7,5,4,9,9,3,4,1,10,7,5,10,8,10,1,2,7,1,2,10,1,8,4,5,9,4,2,5,3,8,10,8,3,4,7,9,5,4,4,6,6,8,10,4,1,9,3,6,6,6,7,1,2,4,1,4,4,9,8,7,10
"B1K0120",5,1,2,7,3,3,7,8,4,3,8,2,1,4,3,8,5,1,1,10,7,4,10,2,1,1,6,2,7,7,1,7,9,9,5,9,7,3,3,2,7,2,5,5,3,5,10,9,9,4,2,6,2,10,9,10,7,8,5,9,3,3,10,9,8,9,9,5,7,10,4,10,4,9,3,9,7,9,7,3,1,9,9,8,7,2,8,5,3,6,7,4,4,3,7,4,6,8,2,3
"B1K2312",10,10,1,5,4,7,8,10,6,4,3,9,3,3,10,10,6,8,7,5,10,1,10,3,2,4,1,5,8,10,3,3,2,2,10,9,6,5,9,9,5,1,5,10,7,2,4,5,9,8,5,4,1,10,7,8,5,7,3,4,5,6,8,9,8,6,5,4,1,4,10,6,6,6,1,1,2,3,4,10,3,9,6,4,8,2,3,7,10,6,5,10,9,10,4,9,2,1,5,9
"B1K3715",1,4,8,8,2,3,1,2,4,3,4,2,5,1,2,10,3,10,10,4,3,1,1,8,1,8,7,10,1,1,9,4,10,10,3,4,4,2,1,2,9,5,1,1,10,2,4,4,10,3,5,9,10,7,4,7,7,10,7,9,2,5,5,1,3,3,7,1,10,3,4,10,2,1,7,7,10,7,7,9,8,4,3,2,10,5,7,9,1,8,8,8,10,6,5,2,9,2,7,4
"B1K0517",2,3,8,3,4,4,4,6,9,1,8,10,10,3,10,4,8,7,2,10,3,6,2,6,7,2,1,1,2,10,7,5,8,5,1,1,10,9,8,6,4,5,2,4,3,10,3,3,2,7,6,8,10,9,1,9,7,2,3,10,5,10,6,10,9,8,10,2,7,7,2,5,5,3,3,3,10,1,8,9,2,7,3,1,3,10,9,8,2,9,3,7,6,4,4,5,3,8,8,5
"B1K0918",10,7,4,3,6,7,1,9,10,2,9,4,7,10,3,9,1,6,4,3,10,2,10,10,5,2,3,6,6,3,8,10,1,8,4,3,3,1,10,3,3,4,10,2,3,1,6,2,9,7,1,4,3,1,10,2,7,5,7,2,5,4,7,5,5,2,8,2,4,6,2,9,3,9,4,10,6,5,1,6,8,9,5,4,10,1,9,1,10,2,4,10,2,9,4,10,4,9,3,3
"B1K1417",9,4,9,5,1,9,8,4,9,8,3,4,7,9,1,6,4,7,6,3,7,10,1,9,6,10,5,1,2,7,3,7,3,1,1,7,10,5,9,7,5,7,1,9,8,10,1,3,9,5,2,6,8,1,6,9,8,7,1,7,3,4,4,5,8,10,5,2,4,4,6,1,5,5,4,1,7,1,5,6,2,3,3,2,9,10,3,2,4,4,3,9,9,1,7,5,4,8,7,1
"B1K2410",3,1,4,4,3,2,2,1,8,8,4,2,4,2,2,10,3,9,4,6,9,3,4,5,8,4,5,3,4,2,7,5,8,1,8,9,9,5,2,2,8,3,6,7,9,10,10,2,2,7,3,6,8,1,3,10,6,3,2,6,10,9,4,6,9,1,4,4,4,7,1,8,6,7,3,3,7,3,6,5,4,3,1,1,9,5,3,3,4,9,10,7,2,3,3,5,10,8,10,5
"B1K2715",8,10,5,10,3,2,5,1,9,8,7,7,4,8,4,6,4,6,2,9,5,10,3,6,9,9,2,8,5,1,9,10,7,4,4,2,1,7,4,9,8,8,8,9,1,10,2,2,5,3,5,1,8,2,9,1,10,9,10,5,5,5,10,10,4,1,3,3,1,1,6,6,7,6,1,10,2,5,8,10,10,6,4,7,7,5,4,1,2,6,9,3,6,5,10,10,9,4,9,9
"B1K1713",1,10,4,7,8,4,4,3,5,4,8,8,9,9,1,8,8,9,1,8,7,2,1,1,4,1,4,10,5,5,4,9,4,5,3,5,9,2,2,3,2,1,3,4,9,9,4,10,4,2,1,2,7,5,3,10,10,10,5,4,5,1,6,2,6,2,6,4,3,1,4,9,3,5,1,9,4,6,8,9,2,8,2,2,6,8,7,5,10,1,8,3,1,2,4,6,9,2,2,5
"B1K1915",1,7,8,1,10,2,1,5,2,6,4,3,3,4,5,2,3,2,5,10,10,2,7,2,2,9,9,6,10,8,1,2,9,6,2,10,4,5,7,8,3,8,2,9,1,6,9,8,9,5,3,4,6,3,10,9,3,7,9,2,10,6,2,1,8,4,4,6,10,1,2,5,5,5,5,2,2,10,3,4,6,8,4,8,1,10,10,3,2,4,9,2,6,9,9,5,7,9,5,7
"B1K4315",9,1,6,2,2,3,10,10,3,5,2,9,6,6,8,3,10,3,5,7,4,8,3,5,9,9,7,2,6,3,6,10,4,3,4,1,7,4,8,3,4,2,6,5,9,2,4,5,8,9,3,2,4,4,5,2,1,2,8,8,10,8,1,2,2,2,3,1,9,2,7,3,1,7,5,2,3,3,4,7,9,10,7,10,1,3,10,6,9,7,9,1,5,8,8,4,4,9,10,8
"B1K2013",7,9,9,10,3,6,1,2,1,10,4,7,3,8,1,6,7,5,7,2,4,6,7,10,10,8,7,1,8,4,4,7,4,8,3,10,5,2,2,1,9,4,4,5,5,7,5,9,9,5,3,1,7,1,4,8,8,1,4,3,7,3,1,2,10,10,4,10,10,3,1,10,8,7,2,7,10,7,1,1,7,8,10,10,7,1,6,8,2,5,6,3,3,10,5,1,6,2,9,3
"B1K2501",8,9,6,8,7,7,6,2,1,6,6,3,1,3,6,2,3,1,3,3,3,2,7,8,4,6,5,6,8,6,1,7,7,8,6,10,6,6,2,10,9,10,3,7,5,2,10,8,1,8,6,5,3,9,10,9,7,10,2,7,2,2,10,10,3,9,6,7,10,9,2,9,3,8,10,7,10,10,5,2,10,7,10,10,2,6,4,9,9,3,10,2,2,4,8,5,3,7,8,8
"B1K2810",2,6,1,9,7,3,5,6,8,3,5,3,8,1,2,9,2,7,9,8,1,1,5,8,2,7,8,2,4,6,3,2,4,1,5,6,2,1,5,3,8,7,10,9,10,3,7,7,5,7,5,8,5,4,7,10,4,7,9,1,8,8,8,3,6,3,9,7,7,9,9,4,1,5,6,6,7,7,10,7,8,10,4,6,8,4,6,10,7,6,2,10,7,2,3,4,10,6,6,9
"B1K2920",6,5,10,5,7,10,4,2,5,5,10,8,3,1,9,4,6,1,2,8,3,9,5,8,4,5,3,6,9,1,7,10,7,2,7,3,4,10,10,2,10,7,6,10,5,5,7,2,8,6,9,5,10,1,9,2,3,6,10,6,9,6,3,7,5,9,10,5,10,2,4,4,4,6,10,9,10,4,3,3,7,7,1,10,2,2,9,4,5,1,4,6,5,5,4,7,2,8,7,10
"B1K4305",9,2,3,10,1,8,1,9,6,4,2,8,10,5,4,4,8,5,3,3,5,4,3,3,1,4,3,5,1,7,9,3,2,5,8,5,8,6,2,8,8,8,7,2,8,10,10,1,1,10,8,8,2,5,6,4,2,10,9,7,4,6,7,10,5,4,10,7,1,5,7,8,7,5,1,8,10,10,4,9,8,1,8,7,8,2,7,7,1,2,10,7,7,1,10,1,5,1,8,6
"B1K0316",6,4,1,1,8,6,10,3,5,1,9,2,3,2,5,6,10,9,1,7,5,3,2,3,10,5,5,4,6,5,10,10,10,1,10,3,2,7,3,10,10,10,1,5,9,3,7,8,3,9,2,1,7,4,5,3,4,1,6,4,3,6,9,2,6,10,6,1,8,6,3,2,10,3,4,7,2,2,5,1,5,6,1,2,6,2,7,7,3,6,8,8,1,7,7,9,5,1,4,10
"B1K0607",10,8,6,2,4,2,1,1,10,10,2,1,7,10,5,2,10,10,10,6,7,4,10,10,6,1,10,4,8,4,8,8,6,3,2,6,1,7,1,4,10,2,4,10,4,1,8,10,4,8,7,3,6,8,1,8,9,2,3,8,1,8,6,5,4,5,8,1,9,4,10,7,4,6,9,10,2,2,4,4,3,10,6,9,4,6,7,2,4,3,10,8,8,2,2,5,4,8,1,9
"B1K1404",6,10,9,5,9,9,2,10,4,1,6,7,10,9,10,4,3,4,2,4,4,4,2,3,6,10,10,1,8,2,1,3,1,9,6,9,5,5,10,6,3,8,8,9,6,6,10,2,4,10,10,6,4,10,9,2,9,2,4,5,9,3,8,6,10,8,1,9,10,2,9,9,2,10,5,10,3,6,10,7,9,10,6,6,6,7,10,9,2,1,6,5,2,3,2,3,3,6,1,4
"B1K2520",5,2,6,1,8,7,4,1,10,8,1,8,6,3,7,10,10,6,1,9,5,3,1,1,2,2,3,3,1,8,10,4,2,10,10,10,6,2,9,6,6,5,5,6,1,8,6,7,3,3,2,2,6,2,9,8,8,8,5,10,6,3,2,10,1,6,1,9,2,2,6,10,7,1,2,3,4,5,1,1,4,3,7,9,8,7,5,6,1,4,1,8,3,10,1,2,10,8,5,5
"B1K2801",5,4,5,1,4,4,3,4,2,5,8,1,4,7,10,2,4,9,9,1,9,6,5,4,2,9,2,7,8,2,10,9,1,3,5,4,8,6,3,4,4,2,9,6,10,4,1,9,7,6,9,10,1,10,5,9,8,5,8,2,9,3,4,5,10,1,9,5,5,2,1,3,7,2,2,1,1,7,3,6,2,1,2,9,5,7,3,3,5,3,7,5,7,8,6,3,2,4,10,9
"B1K1908",2,3,1,8,6,9,9,5,3,4,4,5,8,3,3,4,2,10,5,4,4,10,4,10,7,5,8,1,9,6,6,8,2,6,1,2,9,1,6,9,7,3,5,3,1,4,4,1,7,1,9,9,3,6,10,10,2,6,6,8,6,8,5,7,5,6,1,7,1,7,5,9,8,1,8,8,4,10,1,4,8,8,6,10,8,8,7,10,5,10,10,4,2,8,4,2,10,8,10,9
"B1K5107",2,8,5,7,4,2,3,10,10,4,1,2,6,9,1,5,2,4,2,6,1,1,8,4,4,10,1,2,4,10,5,3,5,3,6,2,8,8,1,3,9,4,4,7,2,2,5,3,6,9,6,3,10,7,5,7,10,7,10,10,8,3,1,3,2,10,10,6,6,8,7,3,3,10,5,10,6,7,7,5,7,10,5,9,4,10,1,1,9,9,10,8,5,2,7,5,10,10,9,7
"B1K0317",8,8,2,1,1,3,7,5,7,4,9,4,3,6,1,7,5,4,3,7,3,4,2,3,10,1,9,10,3,9,6,8,10,8,3,6,4,9,1,2,8,8,3,7,6,9,5,3,1,6,9,3,1,5,7,5,2,1,10,4,9,5,6,9,1,5,4,10,7,6,8,2,10,6,7,3,9,9,9,5,5,1,9,6,7,8,6,3,4,8,9,5,4,10,3,8,7,1,6,10
"B1K1018",3,6,5,9,6,2,6,8,9,7,1,9,1,5,10,2,3,3,6,1,6,8,10,1,10,6,5,6,1,7,7,6,3,5,1,8,6,5,9,3,5,5,2,4,4,3,6,8,10,1,10,1,5,4,7,2,6,7,8,7,7,2,2,2,9,3,9,2,7,5,5,7,3,2,1,10,1,5,5,3,6,7,4,7,5,6,7,10,2,2,6,9,3,1,5,8,8,2,6,7
"B1K1703",3,5,8,5,9,4,7,7,3,6,3,2,7,1,7,2,2,8,6,6,1,9,1,9,10,3,4,4,3,10,10,10,3,8,7,10,1,5,7,7,8,8,9,9,3,10,9,6,7,7,10,1,1,10,3,3,4,1,1,10,2,7,1,10,9,7,1,7,5,6,6,3,4,6,3,3,2,2,2,8,4,6,5,1,6,5,4,10,6,10,4,2,5,3,9,2,2,5,4,5
"B1K1901",7,8,9,5,8,2,1,3,2,1,8,1,4,5,10,9,10,1,2,3,8,3,1,9,9,4,5,5,2,2,2,10,4,2,5,3,10,7,1,3,3,8,6,3,1,4,10,3,10,9,2,7,4,5,3,8,4,10,9,8,2,2,7,2,6,9,10,5,10,6,8,2,2,6,9,3,6,10,10,7,10,9,2,1,9,7,2,7,5,8,8,7,8,6,6,3,5,7,4,10
"B1K0620",6,10,5,4,2,8,7,3,5,10,10,9,10,5,10,8,4,3,4,1,1,9,5,10,4,6,5,4,8,5,5,6,4,2,8,2,3,9,7,8,3,9,8,10,3,4,9,5,1,10,4,8,6,9,2,7,8,2,10,2,4,8,3,6,5,8,2,7,2,8,8,1,10,6,3,2,9,4,6,7,10,1,3,1,5,7,3,5,4,1,9,6,3,3,7,3,10,6,3,5
"B1K1615",2,4,8,6,10,5,5,4,4,9,3,9,9,5,5,2,8,3,7,1,3,8,10,8,6,4,9,2,3,4,3,6,8,4,7,9,10,4,6,1,10,6,5,8,5,4,6,7,9,2,2,8,7,3,9,10,6,5,2,7,1,8,9,3,6,4,6,6,1,1,8,6,4,7,8,3,5,8,2,9,2,1,5,9,5,2,7,5,7,8,1,6,9,9,7,10,5,5,2,8
"B1K2111",10,8,9,5,10,5,3,2,5,1,5,3,8,4,1,1,4,9,1,2,4,7,1,7,3,1,1,2,10,4,8,10,3,2,9,1,1,9,4,3,10,3,5,1,4,4,5,10,3,5,7,6,10,6,2,9,4,6,4,6,10,10,9,10,6,6,3,2,8,10,8,6,4,5,6,2,5,10,7,1,10,2,1,2,6,8,9,3,2,9,7,1,4,3,7,6,3,2,6,6
"B1K2616",2,1,9,5,4,2,1,10,3,10,10,9,5,3,5,5,10,6,6,8,10,4,1,10,4,3,9,8,3,5,6,8,9,7,9,6,2,1,1,1,4,6,8,8,10,3,4,5,3,4,4,7,10,8,6,6,3,5,7,4,4,6,8,7,8,2,3,1,6,7,7,9,7,6,8,2,3,1,4,10,3,6,6,2,2,9,8,10,5,7,9,6,3,8,2,7,8,3,8,1
"B1K4210",6,8,3,6,10,7,7,1,7,7,9,3,3,1,6,5,1,2,6,2,7,8,9,6,5,10,9,5,2,7,5,9,6,10,5,9,7,8,3,9,10,6,9,6,4,5,10,8,4,1,10,2,2,6,6,5,2,10,7,9,7,7,1,1,7,1,8,4,1,6,4,9,5,6,2,6,2,6,10,8,4,5,5,7,6,7,8,8,4,6,8,5,10,4,5,7,5,2,4,6
"B1K1013",3,8,1,1,8,6,4,4,4,7,9,8,1,1,9,3,7,2,1,7,9,2,4,8,4,6,8,8,6,8,6,4,3,4,7,2,2,9,8,10,4,2,10,8,4,5,7,8,7,10,5,2,2,1,2,4,4,8,10,1,5,8,5,6,6,8,5,2,8,9,5,7,6,7,5,7,10,3,3,1,1,8,4,6,2,10,7,1,1,10,10,2,3,2,8,1,1,1,2,9
"B1K2007",4,2,3,9,5,10,5,4,7,10,5,5,9,10,6,6,1,7,7,5,7,1,7,2,5,10,9,9,5,2,9,2,5,4,2,6,1,8,10,9,6,4,7,4,5,2,4,10,9,1,4,6,8,6,10,7,1,2,10,1,1,7,7,2,9,9,4,9,1,10,3,10,7,2,8,9,8,8,1,1,1,2,4,10,2,7,4,10,4,6,5,10,7,4,2,4,9,4,3,6
"B1K0412",1,4,1,4,7,1,1,2,10,9,9,5,3,4,4,3,5,8,10,3,4,9,5,2,10,7,3,8,9,10,3,7,6,8,10,8,5,7,10,1,8,10,10,6,3,1,3,1,8,2,2,10,10,3,1,1,3,2,9,4,3,4,7,7,7,4,3,5,9,9,7,6,5,4,9,5,9,5,1,1,6,5,2,10,1,5,2,9,10,1,8,8,2,6,7,9,2,6,5,7
"B1K1610",1,3,3,10,2,1,1,10,10,4,10,1,8,5,9,3,8,2,1,9,7,10,1,10,5,10,5,4,2,2,2,9,3,9,1,8,8,5,5,2,6,10,9,1,8,4,6,1,10,9,1,3,6,7,7,6,8,7,3,1,10,7,6,9,6,1,1,9,7,3,9,7,9,4,1,1,6,5,3,5,4,6,3,1,10,10,6,8,2,7,2,10,3,4,5,1,2,6,2,1
"B1K2608",2,5,4,5,5,1,5,3,7,6,2,1,10,4,9,3,7,7,6,4,9,9,10,7,9,5,6,2,1,9,10,2,2,9,2,1,10,6,5,4,6,1,2,2,6,8,10,1,8,5,2,4,10,2,9,3,4,6,3,4,9,7,9,10,3,3,7,10,8,5,4,7,3,2,2,2,7,6,4,8,10,8,7,3,2,3,9,2,9,1,5,7,5,9,7,9,8,4,9,2
"B1K1809",7,5,9,6,1,1,3,3,2,10,5,8,5,3,7,4,1,9,8,4,5,3,4,10,10,8,2,4,5,10,8,7,7,4,6,8,4,10,9,6,3,3,5,7,5,9,6,6,3,9,9,5,6,6,5,3,3,10,5,5,8,6,9,2,2,5,10,8,5,10,2,10,1,7,10,10,5,4,5,8,5,5,3,1,1,4,5,3,8,6,9,6,9,1,6,7,6,2,5,9
"B1K3519",4,1,1,3,10,5,6,6,1,3,10,4,6,5,6,8,5,10,3,3,4,5,9,7,5,10,3,3,5,3,4,6,4,7,9,7,2,2,5,8,8,7,2,9,7,3,4,6,6,10,4,9,2,1,3,9,4,9,2,1,10,8,8,4,10,6,8,3,10,4,7,6,8,2,7,8,7,10,10,2,4,1,10,5,4,2,10,4,8,2,8,9,8,5,1,2,5,10,4,7
"B1K4201",3,10,8,3,8,3,3,7,7,1,3,4,8,4,10,7,5,9,4,2,2,1,8,3,3,3,10,9,2,10,3,5,3,10,4,6,8,7,7,10,2,1,10,6,2,10,6,5,4,7,8,7,6,8,10,2,6,2,5,9,6,10,7,1,10,3,10,6,10,2,6,6,6,7,1,9,3,3,3,8,7,5,9,6,3,2,1,2,1,9,7,5,2,10,5,5,10,3,10,4
"B1K2301",7,7,7,8,2,2,6,7,5,1,3,2,7,10,7,10,2,10,8,8,5,4,3,1,2,2,6,3,4,3,5,5,7,6,9,10,7,4,3,2,6,2,2,1,7,5,2,8,2,9,8,9,8,4,8,9,8,8,1,9,6,7,10,7,5,8,9,1,6,2,10,2,10,6,1,1,1,2,3,6,5,2,5,6,4,10,8,9,3,2,5,5,5,3,2,4,4,4,3,3
"B1K3213",1,7,1,3,9,7,2,10,10,9,8,6,6,9,6,10,3,8,6,8,3,1,4,4,7,4,7,3,2,2,10,10,6,8,1,6,3,9,4,10,10,5,5,1,5,6,4,8,10,8,1,6,3,5,7,6,9,3,2,2,5,2,10,8,6,2,5,6,1,7,3,6,1,6,7,9,4,5,2,8,2,3,5,8,2,5,5,7,7,10,5,3,10,6,2,7,8,2,6,10
"B1K1105",7,7,1,6,7,6,2,9,7,3,4,6,8,1,8,4,6,6,7,5,3,1,7,7,8,8,4,9,8,2,7,1,3,4,1,5,4,9,4,2,1,1,1,5,6,7,3,8,3,3,7,10,9,3,1,10,6,4,5,10,7,7,7,9,9,5,7,1,3,9,10,10,10,4,6,9,9,6,7,2,4,8,9,7,2,5,4,4,4,8,3,10,2,5,3,10,2,7,3,9
"B1K2403",7,1,7,8,8,7,8,6,1,6,1,5,9,6,9,1,5,8,9,10,1,4,8,4,10,3,5,7,7,6,6,6,6,1,9,8,3,8,4,5,5,6,6,9,6,8,10,2,1,10,6,9,7,8,1,8,9,9,3,6,3,2,5,6,8,7,6,1,5,1,10,6,6,8,4,10,8,8,1,4,7,3,10,10,7,4,9,1,3,5,2,4,4,10,5,10,3,6,10,9
"B1K4518",3,9,10,3,1,1,4,8,4,7,6,7,2,3,1,1,10,10,5,5,9,6,10,1,7,3,8,4,4,10,9,4,3,3,3,9,10,5,6,4,3,7,10,7,9,3,10,4,3,8,2,10,5,10,3,6,1,1,10,10,10,9,1,5,1,1,4,9,8,6,6,7,9,4,7,6,5,6,10,2,10,7,6,1,6,4,10,8,6,1,5,6,9,7,10,9,10,1,5,4
"B1K3007",8,4,9,1,6,5,10,10,2,2,9,4,1,10,5,8,9,6,3,6,8,5,3,5,7,4,6,2,9,1,10,4,8,8,3,9,8,10,5,10,10,4,3,9,8,1,5,8,7,9,9,9,10,9,10,3,2,7,3,10,8,4,3,5,6,4,4,3,9,6,10,1,2,10,3,5,7,10,10,6,10,10,4,2,5,5,6,6,6,6,3,8,2,7,10,7,1,2,7,3
"B1K3209",7,5,10,7,5,10,3,8,5,9,6,7,2,6,8,9,7,4,3,8,8,5,5,8,10,10,6,5,7,9,9,10,10,1,9,7,1,5,6,9,7,10,6,3,4,9,9,9,7,8,5,8,5,2,7,1,10,10,7,8,3,2,7,6,8,3,2,8,7,3,10,3,8,4,9,8,5,9,5,9,9,5,5,1,4,5,6,8,7,9,5,5,7,10,5,8,8,3,1,1
"B1K3619",10,4,7,2,9,4,7,2,9,10,1,9,7,7,3,7,5,4,3,6,6,5,7,9,10,9,2,2,8,4,3,2,4,1,6,10,9,9,4,10,5,7,6,3,10,1,8,9,4,6,2,1,10,7,5,5,10,6,5,10,8,3,2,1,1,10,4,9,7,1,6,10,4,7,10,1,7,7,1,4,8,9,8,9,10,3,5,10,2,2,5,9,7,8,2,4,8,9,4,10
"B1K1104",10,9,2,10,2,7,4,4,5,6,10,8,9,4,7,9,4,9,4,7,9,8,2,2,7,1,8,5,1,3,1,7,3,7,10,5,8,4,10,5,4,10,7,1,1,6,6,1,3,10,8,6,10,2,2,6,7,9,7,2,5,9,6,4,2,5,2,10,8,1,9,5,1,10,10,10,7,2,8,1,3,3,9,3,1,4,10,8,5,10,10,4,10,8,7,5,1,2,5,1
"B1K2711",6,2,3,5,3,5,10,4,10,8,4,5,4,3,4,7,4,2,5,10,8,6,5,9,1,2,4,7,3,6,6,7,6,6,5,2,5,10,2,3,10,6,5,4,5,6,8,1,8,3,4,9,9,2,2,6,10,6,1,7,5,6,7,8,6,7,10,6,5,10,6,8,3,9,6,3,1,1,2,9,4,7,7,10,5,4,8,5,5,4,7,4,6,4,5,3,4,10,4,2
"B1K3702",1,2,2,1,7,2,4,3,1,6,9,9,2,5,9,8,2,5,5,3,7,7,6,8,3,1,7,8,1,1,1,10,1,8,6,10,1,4,9,4,7,9,8,4,9,10,5,10,5,9,10,7,3,4,1,4,10,1,6,4,10,2,6,3,5,3,3,3,6,9,1,3,10,1,5,5,2,7,7,5,3,5,1,10,10,9,5,3,5,4,3,9,8,10,5,9,1,3,2,2
"B1K3003",10,7,3,3,10,8,1,7,5,9,5,4,1,3,6,4,4,1,9,6,7,3,10,8,10,3,10,10,7,9,10,3,9,1,7,7,7,10,6,9,10,3,9,3,4,8,1,8,1,3,1,4,2,9,9,1,7,2,6,3,8,4,10,7,4,10,1,10,2,2,1,10,8,7,9,4,5,8,10,10,7,4,7,8,7,7,3,7,6,9,2,9,1,9,8,3,9,8,2,2
"B1K1520",6,3,6,6,5,5,9,6,10,4,5,2,8,10,9,7,3,5,3,3,9,9,3,4,6,1,9,3,1,8,6,10,2,6,7,3,8,3,4,7,10,8,7,2,10,9,9,6,9,7,2,9,8,2,3,5,4,1,4,8,3,3,7,5,8,10,10,8,5,8,6,5,8,4,7,10,6,8,10,9,2,2,4,8,2,8,10,7,9,1,1,5,4,10,7,10,5,7,8,10
"B1K3820",10,2,2,6,2,6,4,4,6,9,2,7,7,8,7,1,5,7,7,6,1,9,2,5,9,9,4,5,5,8,10,8,6,2,2,3,5,8,1,5,5,7,2,5,1,5,8,8,10,8,8,8,1,6,2,6,1,4,7,7,9,1,1,4,5,1,10,5,3,3,4,6,5,10,9,5,4,2,4,2,2,2,1,7,10,3,10,4,3,5,2,10,6,3,1,9,3,7,7,1
"B1K2115",5,3,1,2,3,10,5,1,7,10,4,5,4,5,1,6,9,3,3,8,8,8,3,10,7,1,6,9,5,4,6,6,8,9,9,5,1,8,3,2,1,2,4,6,1,1,3,7,3,4,8,6,6,7,8,3,9,4,3,1,5,3,1,7,7,7,2,8,8,7,1,2,5,1,3,1,5,10,7,6,7,2,9,6,1,5,8,10,2,8,10,7,10,2,9,8,2,3,8,6
"B1K2508",10,6,3,1,3,6,3,3,2,4,8,2,3,3,3,8,8,3,10,9,5,7,4,5,9,6,7,5,10,4,2,4,7,5,6,8,4,1,6,9,1,5,8,8,9,4,5,5,2,5,10,4,10,5,4,10,10,4,9,3,9,9,5,8,10,8,2,10,4,7,8,3,10,8,6,7,5,2,8,9,6,8,1,7,4,6,8,9,6,2,9,9,1,1,1,8,6,10,10,6
"B1K3013",10,8,4,6,2,10,6,3,6,7,9,2,4,2,4,2,3,2,9,6,7,10,2,3,4,3,2,10,10,1,1,3,5,1,2,6,3,2,3,8,10,7,5,10,9,7,1,6,6,7,4,3,5,7,7,1,3,9,8,5,7,3,1,5,2,5,1,7,9,6,7,10,1,4,10,8,8,2,4,3,7,3,7,8,10,9,9,8,1,3,3,9,9,9,3,2,4,7,5,5
"B1K3808",1,5,10,4,10,10,5,1,7,7,9,1,10,6,9,8,5,5,6,4,10,5,4,6,5,5,1,7,7,7,7,8,9,5,10,10,2,7,7,5,5,1,8,10,5,7,8,3,5,10,3,10,6,10,8,9,8,6,8,7,9,8,2,10,2,1,6,8,8,3,9,8,10,2,5,2,7,4,6,10,6,2,4,1,4,2,10,5,7,3,4,8,5,5,9,7,6,7,5,8
"B1K1506",6,10,6,10,7,4,8,9,5,3,7,3,6,10,10,10,9,10,9,7,1,9,1,5,5,1,9,9,9,6,8,7,4,7,6,2,8,4,6,10,2,1,8,10,1,8,8,2,7,6,6,10,7,7,10,8,10,4,9,8,8,1,6,5,9,8,7,4,10,1,10,2,3,1,1,6,5,7,6,3,7,7,8,5,9,3,1,2,2,3,7,1,7,9,1,8,1,9,7,8
"B1K2813",9,3,3,1,7,8,6,2,9,3,5,4,4,10,3,7,8,8,10,2,6,7,9,10,5,7,4,7,7,5,7,3,8,8,10,3,7,3,4,6,5,5,6,2,5,4,8,1,7,10,7,7,5,3,2,4,3,1,2,8,4,6,4,8,6,2,10,7,4,7,5,1,9,9,6,1,5,3,2,2,5,4,4,2,10,6,8,2,8,3,6,10,10,1,6,9,2,5,2,2
"B1K3511",5,10,3,9,9,6,9,6,1,10,7,4,1,8,4,8,8,3,5,3,6,6,6,6,2,5,6,1,9,8,3,9,6,6,8,2,6,5,5,9,4,2,1,4,6,8,10,7,5,1,3,9,7,2,4,5,5,3,10,6,3,4,10,1,4,1,5,1,8,6,8,10,4,10,10,8,10,4,10,2,6,4,4,4,2,4,8,1,5,4,7,10,10,8,5,3,9,10,1,1
"B1K3812",5,9,2,5,1,5,3,5,9,9,6,1,6,1,2,1,10,8,10,6,6,4,3,8,8,3,7,2,7,3,8,5,8,10,7,9,3,6,2,2,2,8,3,10,9,9,4,4,4,10,1,9,1,3,5,5,6,2,9,5,10,7,3,4,7,6,2,2,2,5,3,4,6,6,8,9,3,4,1,4,6,2,10,4,5,2,6,9,8,3,3,6,6,2,5,8,3,4,1,6
"B1K4118",5,1,7,1,4,1,3,9,1,10,4,3,4,9,8,10,10,1,4,7,1,2,4,2,10,7,9,4,6,8,7,9,10,5,3,2,6,7,7,9,3,1,7,6,5,1,2,9,2,6,1,7,4,10,8,6,8,3,9,8,10,5,10,9,2,4,8,1,2,10,5,3,9,3,9,3,6,5,9,5,5,10,7,5,7,2,2,8,6,10,3,1,7,5,9,6,3,3,2,4
"B1K4505",3,7,7,9,9,3,6,7,6,8,6,3,2,5,2,9,3,3,5,6,10,4,10,1,1,4,2,1,4,10,9,6,4,4,1,6,10,3,4,8,1,8,1,7,4,6,9,4,10,7,10,4,7,4,3,8,8,8,8,10,3,4,3,4,7,7,7,7,3,9,10,5,7,3,6,7,8,6,6,9,1,8,1,2,2,7,6,10,3,9,2,10,10,6,6,2,3,4,5,5
"B1K3011",3,1,6,8,6,8,9,9,2,1,10,7,4,3,8,6,10,4,8,10,5,2,3,9,10,9,10,3,2,4,10,2,7,1,3,4,2,3,8,4,8,10,9,6,3,3,10,1,9,10,7,9,3,1,7,4,5,8,8,1,1,8,2,2,8,8,7,9,7,2,7,2,7,9,6,2,8,9,9,3,1,3,8,8,7,3,8,5,3,6,4,4,9,7,3,9,1,6,6,10
"B1K3303",4,4,4,1,4,1,9,10,5,4,4,1,10,10,2,3,2,10,2,3,6,8,3,9,4,8,6,3,1,9,8,2,10,10,4,4,2,10,3,2,6,10,10,6,5,3,2,7,2,2,9,4,2,10,7,2,9,5,8,9,6,5,9,5,10,4,8,3,4,2,5,4,2,7,5,3,2,5,1,4,4,4,3,5,5,7,10,8,8,4,8,8,6,10,1,7,7,7,4,7
"B1K3902",10,6,4,10,7,7,1,10,8,7,5,2,1,10,5,10,2,2,9,8,4,6,5,6,9,2,5,5,10,1,9,7,8,4,2,9,10,8,7,4,1,6,4,3,9,8,7,7,1,9,8,4,8,4,9,1,3,10,1,10,6,10,5,2,8,5,2,4,4,7,3,1,6,2,2,7,7,1,3,4,4,3,2,1,4,7,4,5,1,3,7,8,9,2,9,4,7,9,8,5
"B1K5020",10,7,4,8,9,8,2,8,1,2,10,4,5,9,9,5,7,3,9,9,1,10,5,6,6,8,7,10,1,8,7,2,2,9,4,1,9,9,10,8,9,3,2,2,10,7,4,8,10,2,1,4,7,5,9,9,9,7,3,4,4,5,3,2,9,9,8,6,5,8,3,9,1,8,1,2,2,4,9,10,5,1,10,1,3,9,1,10,5,5,7,5,6,6,4,6,4,10,3,4
"B1K2010",2,7,9,1,3,7,3,6,5,3,10,7,5,6,8,10,6,8,3,1,8,10,7,4,9,8,5,10,6,7,7,8,6,8,8,10,7,3,10,10,6,5,10,4,2,10,1,9,4,10,9,1,1,1,8,3,10,3,8,9,2,2,7,3,10,1,2,4,2,5,2,4,2,1,5,5,3,7,5,9,10,4,6,8,6,10,10,10,2,10,6,2,6,7,10,5,2,9,1,3
"B1K2807",6,10,3,8,5,1,2,9,3,10,4,9,5,10,10,3,1,7,10,3,9,1,9,7,5,2,5,3,2,6,5,3,2,10,8,3,10,3,1,10,1,9,10,8,7,6,9,4,10,10,4,5,1,9,5,2,7,2,7,5,4,10,10,7,3,7,1,1,9,6,5,3,3,8,7,7,8,10,6,1,7,8,7,4,9,8,5,8,7,7,4,7,9,6,1,1,7,7,10,6
"B1K3611",5,5,6,4,7,2,10,5,4,7,1,1,9,3,7,2,9,4,7,2,6,9,6,1,7,6,2,8,4,6,7,6,6,9,3,7,6,4,6,10,1,9,10,7,2,9,4,6,1,6,2,10,4,7,6,9,10,2,2,4,8,4,6,8,3,6,6,10,7,9,9,7,5,9,3,4,3,5,7,2,9,10,10,8,7,10,4,3,10,4,10,4,3,1,1,6,6,5,4,7
"B1K3801",2,9,1,8,4,8,9,9,8,8,10,4,9,2,7,6,5,3,10,7,5,10,8,6,4,9,6,1,8,8,5,4,10,8,10,1,9,1,1,5,5,2,4,5,1,7,3,5,1,1,2,1,1,9,4,9,1,10,4,10,3,10,4,3,7,6,7,5,2,9,4,5,1,4,10,10,8,2,10,10,6,9,2,6,7,9,2,9,1,4,10,3,1,6,9,5,6,5,5,2
"B1K4113",9,10,9,7,10,1,2,1,2,5,7,5,3,9,3,6,2,5,1,4,8,3,2,8,5,7,3,9,3,1,7,1,3,5,8,2,4,3,4,5,10,7,4,2,7,5,3,7,3,4,8,9,7,3,4,3,3,6,7,3,1,2,2,6,2,5,10,8,6,1,2,4,5,1,4,4,6,8,2,4,2,8,3,8,1,5,10,4,4,5,2,3,9,8,4,2,7,2,1,4
"B1K2208",9,10,2,9,10,2,5,6,7,7,5,3,5,2,2,10,6,9,2,1,1,6,3,9,10,7,4,4,9,8,10,4,5,8,5,9,2,2,9,9,9,6,7,1,2,6,1,10,1,1,5,7,6,10,10,2,7,8,1,3,10,10,4,4,4,2,5,7,9,10,8,6,5,9,8,7,2,1,6,5,7,9,7,6,5,1,10,3,5,1,6,3,1,8,10,10,5,5,9,5
"B1K2603",8,7,9,2,3,2,10,10,6,6,5,10,9,10,8,3,6,10,7,9,2,4,2,6,9,10,2,10,5,8,10,4,8,7,5,3,2,10,2,1,8,1,2,7,2,3,1,5,8,9,10,10,10,6,7,5,9,7,1,3,10,7,9,4,3,8,1,6,7,7,6,5,10,8,8,3,10,10,8,2,3,6,4,5,4,10,9,6,8,5,8,10,6,9,3,4,3,6,1,2
"B1K3119",3,6,8,7,10,7,7,5,7,3,6,8,2,7,1,8,7,9,2,9,10,5,2,5,1,8,8,1,10,9,5,10,7,4,9,1,4,1,6,6,4,3,5,9,6,1,6,5,1,5,10,3,6,9,4,8,3,1,7,3,4,7,6,6,3,7,10,7,1,3,10,10,2,9,5,10,2,6,4,7,5,10,6,10,3,10,2,9,7,3,8,2,6,10,8,5,7,5,10,10
"B1K5014",1,2,10,8,3,6,9,9,10,2,4,6,7,10,8,9,3,5,7,2,7,6,2,6,6,10,10,4,9,10,6,1,1,10,9,4,8,10,9,6,6,6,3,1,2,10,10,4,10,5,1,9,9,1,10,7,9,1,6,2,5,9,10,5,7,6,4,3,7,8,3,9,4,1,3,3,2,4,9,10,8,10,5,2,6,7,1,1,3,10,5,8,2,2,4,6,4,10,9,6
"B1K2218",3,5,10,10,8,9,10,10,2,10,3,6,5,7,2,7,1,10,10,5,3,10,4,5,8,9,4,1,9,4,9,2,8,2,5,6,10,4,5,8,10,8,1,7,2,6,9,10,2,5,2,9,9,9,6,9,7,7,2,6,2,3,2,9,6,3,6,7,6,6,9,8,8,9,2,2,6,10,7,8,4,9,9,3,6,9,6,6,4,9,6,9,3,10,6,8,7,1,8,1
"B1K3606",7,10,3,9,9,9,8,7,2,6,6,8,6,8,3,5,2,7,9,4,6,1,6,4,3,6,3,9,10,7,5,4,2,8,1,3,5,10,8,2,3,3,3,3,7,4,8,5,8,6,2,5,3,3,3,1,3,5,9,5,8,1,5,6,2,4,10,6,4,8,5,3,10,6,6,1,5,9,4,10,1,8,1,5,7,1,10,6,2,10,5,2,3,6,4,7,10,1,4,1
"B1K3916",2,2,2,3,2,1,1,2,9,8,10,7,6,10,7,2,3,7,10,10,7,1,2,10,3,3,4,2,4,5,4,2,8,10,3,1,1,1,2,2,7,10,8,6,6,10,1,10,1,10,10,9,3,10,1,10,6,1,6,8,5,2,9,9,2,10,7,9,4,2,5,9,3,2,2,8,1,9,2,2,9,6,10,6,1,4,7,3,6,4,7,3,3,5,9,10,2,9,10,10
"B1K4720",9,1,2,5,2,8,4,9,3,1,9,9,9,7,8,9,5,5,6,3,10,4,3,6,10,3,6,7,6,6,8,6,1,1,10,5,3,10,2,1,6,8,2,4,5,10,6,9,8,2,5,1,9,3,10,4,5,2,7,9,3,10,4,3,10,7,6,6,3,4,8,8,10,9,7,1,8,6,5,3,10,9,4,2,1,5,2,10,9,9,4,3,10,7,10,10,4,5,9,10
"B1K2202",4,9,2,9,5,5,8,2,7,3,1,5,8,8,5,10,1,2,8,9,5,2,5,10,7,8,10,4,1,9,2,8,3,6,3,5,5,1,10,7,2,9,9,8,6,4,2,3,6,9,9,1,5,2,2,5,6,8,6,8,2,9,6,8,1,2,5,7,10,7,2,8,9,8,7,5,10,5,10,7,5,6,3,5,10,1,1,10,8,9,8,8,4,5,7,2,6,9,7,10
"B1K2817",5,1,7,2,8,5,6,2,4,4,8,1,10,4,9,9,10,10,1,10,9,5,8,7,3,4,9,4,5,1,9,1,1,1,6,8,10,6,9,8,4,10,4,1,8,3,3,6,1,1,1,1,9,5,3,1,2,7,8,10,9,10,10,3,5,8,3,10,6,2,1,2,10,7,3,7,10,9,10,6,1,9,2,4,2,9,9,9,9,5,4,10,2,1,6,1,10,6,3,6
"B1K3105",8,2,10,10,10,7,2,5,4,3,8,6,8,10,9,6,1,4,4,1,9,7,7,9,9,7,1,8,8,9,1,2,2,10,5,7,8,1,7,9,4,7,6,4,10,10,9,1,1,2,6,8,9,3,2,5,3,4,5,10,8,7,5,1,5,9,5,8,5,5,9,8,8,9,4,1,7,5,1,2,2,10,8,3,2,10,4,6,8,2,1,6,10,2,4,7,9,3,1,2
"B1K2416",7,1,5,6,4,9,1,7,3,10,3,10,10,4,10,9,5,9,2,2,3,9,3,2,5,6,2,10,5,7,5,5,4,10,8,5,5,1,7,10,2,7,3,1,1,4,10,5,6,8,8,7,3,2,1,10,2,8,3,1,9,1,2,10,1,10,9,4,3,8,3,2,4,5,4,4,4,2,3,3,1,2,10,7,7,4,8,3,5,1,3,2,2,10,7,6,7,4,1,7
"B1K3020",2,5,1,6,7,10,5,9,7,8,9,10,9,9,9,2,7,4,2,9,8,9,10,9,2,7,10,8,10,5,2,2,5,4,9,4,1,9,3,3,10,3,10,8,5,1,6,6,10,4,8,7,9,1,5,1,3,5,8,7,4,10,4,5,9,2,8,10,5,1,6,6,9,10,10,8,9,8,6,10,8,10,4,4,8,8,3,1,3,8,4,4,10,7,9,1,3,5,9,8
"B1K3719",2,5,10,5,10,4,6,7,10,10,10,9,4,3,4,3,10,5,5,5,3,3,9,4,7,9,8,5,8,10,9,9,7,2,6,1,4,6,5,5,2,10,10,4,3,2,5,6,6,1,10,1,2,6,6,6,1,9,4,10,9,6,4,7,3,2,4,8,3,9,9,1,9,3,10,10,6,7,10,5,10,6,10,3,10,9,4,3,7,6,4,10,6,6,9,8,9,9,7,1
"B1K3912",4,9,5,9,1,4,3,3,3,2,9,3,10,4,9,2,5,4,8,10,5,6,6,1,8,6,1,5,9,1,1,10,5,6,9,7,9,8,10,4,10,9,3,3,1,5,4,5,6,2,4,6,7,2,6,7,4,8,10,2,9,9,3,2,10,1,6,8,8,7,2,5,6,3,7,9,7,6,1,7,9,4,1,8,4,10,8,9,10,4,9,2,9,4,9,4,8,1,10,6
"B1K4108",1,5,10,6,10,2,3,8,7,7,7,1,8,2,2,5,10,10,10,6,3,9,2,7,5,8,1,6,10,4,9,6,5,4,2,6,10,8,7,1,7,4,4,7,2,2,10,5,9,6,5,10,1,4,4,1,2,2,2,4,4,7,5,5,10,3,6,6,7,1,8,4,7,8,10,4,3,2,1,4,1,7,4,8,6,1,6,8,8,9,2,7,8,4,8,6,4,4,7,2
"B1K4712",8,7,7,5,7,8,10,10,2,5,8,7,4,2,8,4,2,3,6,7,6,2,6,2,1,5,8,3,10,2,4,10,10,9,8,9,5,1,2,7,4,6,8,10,6,8,4,9,5,6,7,4,9,8,8,6,10,10,9,1,2,8,2,10,7,10,4,1,2,1,1,4,10,8,8,3,5,1,7,9,2,5,2,10,9,10,5,2,7,10,1,1,5,1,4,6,9,7,4,8
"B1K2319",5,10,3,9,5,6,10,9,2,8,5,9,6,8,1,2,3,5,6,10,10,5,6,2,1,1,6,3,3,2,6,5,1,6,4,7,9,2,2,6,9,2,6,2,4,3,9,5,2,4,3,3,5,5,7,2,6,6,5,4,1,7,7,8,5,1,1,9,4,8,3,2,9,10,3,7,8,9,7,10,8,6,3,5,10,2,2,9,6,6,8,10,5,3,6,1,10,7,9,10
"B1K2902",8,5,2,8,1,4,3,4,8,8,5,10,2,8,10,10,7,7,8,8,9,1,1,4,7,5,6,8,7,10,7,6,6,1,7,3,5,1,10,6,9,7,4,5,8,9,9,8,5,3,9,6,3,6,3,2,2,6,3,9,3,8,9,4,10,5,2,9,6,6,6,10,3,8,10,6,4,2,5,9,5,9,8,4,3,10,3,7,7,2,1,2,6,7,3,8,5,7,3,1
"B1K3101",2,10,2,4,1,1,10,1,10,9,5,8,3,2,2,9,5,8,8,2,6,5,7,10,3,1,4,2,10,10,4,1,5,8,6,5,9,8,5,6,9,9,3,2,3,9,2,9,5,4,4,10,4,10,2,4,4,4,8,6,6,2,2,3,4,7,5,4,3,1,4,4,9,8,6,9,8,5,5,5,10,3,5,7,2,9,3,7,7,9,1,2,8,4,10,5,3,8,3,7
"B1K3513",10,8,6,6,8,8,7,3,10,8,8,2,8,5,6,7,1,10,10,6,10,8,1,6,3,3,2,1,4,5,4,10,9,5,4,8,1,7,1,1,2,7,8,4,10,4,10,6,10,6,8,2,3,10,5,7,5,10,6,10,9,4,8,2,4,7,5,8,6,9,2,6,3,3,3,6,1,10,9,9,6,1,7,9,2,9,10,8,7,2,3,4,1,5,6,7,2,4,6,7
"B1K1115",9,3,3,4,7,2,10,8,8,10,10,7,9,7,5,6,8,6,6,8,1,6,9,3,7,6,5,8,7,7,7,1,4,7,9,9,7,3,8,10,9,5,8,4,6,2,9,2,3,8,1,5,1,5,3,10,10,10,8,6,7,10,5,7,7,5,1,2,10,4,7,8,4,1,9,6,7,4,10,8,2,7,9,6,3,4,8,1,7,1,3,6,10,5,5,2,1,4,6,1
"B1K2407",8,1,9,10,5,6,6,7,10,4,8,10,8,1,9,10,7,2,5,7,4,7,1,10,1,5,10,3,9,5,2,9,6,10,9,1,10,8,8,2,7,2,8,10,8,8,10,5,8,2,5,3,7,8,8,4,2,7,3,1,10,5,4,2,5,4,3,5,4,7,5,6,10,5,5,4,8,9,7,5,3,3,3,5,3,2,3,7,2,7,6,10,4,6,4,5,8,2,4,2
"B1K3115",9,4,1,3,4,9,4,4,5,7,2,5,6,8,1,7,1,8,7,3,10,3,6,5,2,3,8,10,2,10,8,10,10,7,5,10,4,6,8,6,8,3,10,3,1,8,6,1,2,2,8,10,3,1,4,5,7,1,4,3,8,9,8,5,7,3,5,8,10,1,3,8,10,10,3,8,9,8,4,4,6,6,9,1,8,1,9,8,8,5,9,1,6,7,2,5,5,1,1,9
"B1K3711",6,3,4,8,6,3,2,8,9,9,7,10,3,7,2,1,2,4,10,1,5,6,3,10,6,10,4,10,1,2,9,3,7,7,3,2,5,2,4,5,8,6,7,3,2,2,3,4,2,1,5,3,8,5,6,4,9,2,6,7,9,6,2,9,6,9,6,4,10,4,5,8,7,1,5,5,4,1,10,4,4,4,8,6,8,4,5,5,9,7,7,9,1,3,4,2,4,1,3,10
"B1K4708",7,4,10,4,3,4,1,10,3,7,9,6,3,2,5,7,10,8,1,1,5,10,4,1,8,4,6,2,10,7,9,2,2,3,5,7,3,3,6,1,6,9,7,10,2,5,6,7,6,9,8,7,4,3,4,1,6,4,8,4,6,10,5,8,7,8,9,2,8,8,1,8,7,4,10,6,5,9,8,3,3,9,4,3,4,9,3,10,10,4,2,7,10,7,8,2,5,4,2,4
"B1K4704",9,10,10,2,9,4,3,3,1,5,4,3,2,6,5,5,8,7,4,2,10,6,5,1,10,10,5,4,3,1,1,8,10,1,8,1,1,5,2,5,5,10,1,4,2,1,1,9,10,4,9,2,1,10,6,3,10,9,1,8,1,7,3,4,10,2,9,10,1,10,7,1,2,5,2,2,2,3,3,6,3,7,1,3,10,9,3,7,7,1,2,4,10,10,1,2,8,1,1,9
"B1K5104",3,9,10,3,1,9,10,5,8,10,7,5,5,6,4,2,6,1,7,6,8,10,2,5,6,3,1,10,3,4,3,6,9,3,6,2,10,7,10,8,8,3,6,6,10,9,3,4,1,4,3,10,9,6,5,7,4,8,1,2,6,7,6,8,4,8,9,4,1,2,2,4,1,1,3,4,1,3,5,10,2,7,5,1,9,7,4,6,9,5,1,3,10,9,2,5,8,10,8,8
"B1K1401",7,1,4,10,6,6,8,5,3,2,4,7,6,10,10,7,2,5,9,8,5,10,9,5,6,9,3,2,8,3,3,6,5,6,4,5,4,1,8,10,8,5,3,10,8,3,2,2,5,3,3,10,3,3,2,3,1,2,10,2,6,3,7,6,7,2,1,1,2,2,3,7,5,5,6,5,3,7,8,6,6,1,2,5,9,9,5,3,8,8,7,10,8,4,8,3,6,3,5,5
"B1K2513",10,3,2,7,8,7,5,2,9,4,5,1,5,1,6,9,2,1,2,1,6,7,5,6,4,3,4,1,8,5,3,10,2,3,10,6,2,6,8,10,8,8,7,2,8,4,4,1,6,8,10,6,2,8,3,10,5,10,6,2,4,10,1,5,5,4,10,2,3,9,4,4,2,2,5,6,10,2,3,6,7,1,10,4,1,5,5,1,4,8,10,9,5,3,10,4,6,2,6,5
"B1K4409",3,7,7,2,9,3,10,9,4,6,10,6,1,9,4,8,3,3,1,2,6,6,10,2,10,7,9,10,5,8,10,9,8,10,2,8,9,10,6,7,9,2,10,3,9,6,4,1,9,5,7,3,5,3,4,2,1,4,7,2,1,1,8,2,10,5,2,6,4,4,9,6,10,5,10,2,7,5,9,1,7,9,9,3,10,10,9,2,6,5,8,5,4,1,1,10,8,7,10,6
"B1K4811",6,7,10,10,1,3,3,7,1,5,8,10,3,10,7,2,10,1,5,10,2,6,7,3,1,10,2,10,4,9,10,8,9,4,8,10,9,8,9,4,7,1,7,10,2,10,1,10,10,1,9,8,10,1,10,1,10,6,2,3,10,4,8,9,6,3,5,3,7,8,3,4,10,10,7,8,9,1,2,8,5,10,10,3,10,2,6,7,3,7,3,7,8,9,10,4,4,1,1,4
"B1K2402",1,8,4,10,9,2,3,9,7,1,4,5,8,6,4,2,6,6,5,1,5,6,9,2,9,5,1,2,4,5,8,5,5,7,5,1,6,1,5,7,4,6,7,6,2,10,5,1,9,4,10,5,8,4,10,4,7,9,2,5,8,7,2,9,8,1,4,5,6,1,10,2,3,1,1,5,1,6,10,7,10,3,2,7,3,6,5,7,7,4,9,1,6,4,2,4,5,6,8,2
"B1K3111",2,10,7,6,10,9,5,1,8,3,9,8,8,8,7,8,3,4,8,5,5,7,7,10,8,8,7,4,3,8,10,9,7,3,5,4,10,3,6,1,7,9,4,8,9,5,3,9,2,6,2,9,4,8,6,7,5,9,3,1,4,1,3,10,6,5,1,5,8,8,9,4,8,10,10,8,1,9,9,8,9,4,1,7,3,1,8,5,3,10,9,9,4,2,6,7,6,6,6,7
"B1K4813",7,7,7,9,5,1,7,7,5,2,1,10,2,7,4,5,4,6,3,5,1,9,4,2,6,7,2,8,3,9,5,3,6,10,5,5,7,10,1,8,10,10,4,8,3,10,2,8,10,9,8,7,8,2,10,4,3,4,2,10,7,6,10,1,9,2,4,7,10,8,5,5,2,6,9,3,6,8,7,6,1,5,8,3,1,8,7,3,4,2,10,5,1,10,5,7,8,5,5,2
"B1K5101",1,8,6,4,10,8,8,8,10,1,6,2,3,6,6,9,6,6,4,5,7,8,3,10,4,2,1,6,9,9,10,6,1,8,1,8,10,6,2,4,6,1,7,7,8,9,9,3,8,4,1,10,1,9,5,9,1,8,3,1,4,6,4,4,8,9,10,6,9,6,9,1,6,3,9,8,1,10,6,7,1,2,10,1,10,1,4,5,1,4,9,3,3,6,2,10,8,10,9,3
"B1K1504",9,2,10,6,5,9,9,6,7,9,2,6,10,6,5,8,5,7,8,7,4,8,2,4,8,6,8,10,4,10,6,7,4,6,1,4,5,2,5,9,7,1,8,1,3,3,7,9,5,6,3,4,1,2,10,10,2,1,1,2,2,1,8,8,5,5,1,1,10,5,7,7,10,2,3,6,1,8,4,1,8,4,6,3,1,2,8,2,5,9,1,4,8,8,9,4,6,9,9,3
"B1K2509",4,3,5,7,4,7,9,8,8,10,9,2,1,4,6,7,6,2,8,6,10,2,4,1,8,2,1,10,6,5,1,3,5,6,7,10,5,9,9,6,10,10,7,8,5,10,5,4,5,2,9,5,2,7,8,7,2,3,4,4,3,9,4,2,6,9,5,8,3,3,1,7,5,4,7,4,6,6,7,5,5,7,7,8,8,8,2,2,5,5,5,10,10,9,7,6,7,10,7,6
"B1K3814",1,5,1,2,2,8,9,10,9,5,9,9,7,1,2,9,7,7,6,9,7,8,2,4,7,10,9,7,7,6,4,4,2,4,10,4,6,10,9,6,6,1,3,2,4,9,5,3,5,1,1,5,4,7,4,10,6,9,10,4,3,2,10,9,10,10,6,9,4,10,8,1,9,8,10,9,8,10,2,2,9,5,5,9,7,3,10,10,8,1,6,6,1,5,3,9,5,5,1,10
"B1K4910",10,5,4,8,8,9,10,6,10,4,2,5,1,8,10,3,10,4,10,10,4,3,5,10,10,9,10,4,2,3,2,3,6,9,6,5,6,2,2,1,9,9,2,2,4,9,5,1,1,6,6,1,5,10,9,7,9,5,4,8,5,10,3,1,1,8,5,6,6,8,8,1,7,10,6,2,6,3,8,3,7,4,5,7,8,3,10,1,2,4,4,2,10,4,10,1,5,10,9,3
"B1K0507",10,10,3,10,8,7,6,10,6,1,10,6,2,4,8,2,7,4,10,6,10,10,7,7,9,5,1,10,3,5,9,4,7,3,2,2,8,4,3,4,4,1,1,6,10,1,2,2,6,6,9,5,9,4,3,2,5,3,4,5,5,1,8,3,7,9,7,6,2,6,10,3,9,10,8,5,6,6,4,5,4,6,3,6,10,9,5,6,3,8,5,1,6,8,10,7,10,2,5,6
"B1K3218",7,5,1,10,4,1,7,3,1,3,4,3,6,7,4,6,6,8,8,7,2,10,9,5,8,7,6,6,4,3,7,9,5,10,7,3,2,1,10,8,6,10,4,1,8,9,1,7,4,3,7,7,3,2,5,5,9,4,2,2,7,6,9,4,5,7,4,3,6,8,10,2,2,2,2,4,6,3,3,9,3,6,1,3,4,10,10,1,3,10,6,2,10,7,6,3,1,10,3,7
"B1K4806",3,4,3,3,6,9,10,4,2,10,10,3,6,8,6,4,6,2,6,5,3,7,1,10,2,10,8,1,10,6,3,6,2,2,3,9,6,6,8,4,10,6,1,2,3,8,2,7,10,1,9,7,9,1,6,7,2,10,10,3,5,5,2,9,10,4,3,2,5,4,4,6,9,7,3,2,8,7,1,8,8,3,4,7,5,2,6,6,4,1,9,7,3,3,5,4,10,9,4,8
"B1K4402",9,6,3,5,1,7,10,3,9,4,7,9,6,1,5,9,6,8,7,9,3,4,9,3,2,1,2,5,10,9,4,1,7,5,10,7,2,5,4,2,8,6,3,7,3,1,10,5,8,5,10,1,4,10,8,10,5,2,6,7,4,6,10,7,6,10,1,4,10,3,1,10,8,7,1,8,2,4,3,9,2,6,6,5,2,8,1,9,9,6,8,8,4,9,9,9,9,5,8,3
"B1K4908",10,6,5,3,5,5,6,10,6,9,8,5,7,5,4,6,9,6,8,8,6,8,6,2,4,2,10,10,7,6,2,10,4,4,2,4,3,5,1,5,5,6,6,10,3,2,7,10,4,5,6,8,7,2,1,8,9,6,1,9,1,4,4,1,2,2,8,5,4,10,5,10,7,5,5,5,9,5,4,6,8,1,8,7,5,3,4,5,10,3,4,9,3,5,5,7,2,5,10,8
"B1K4803",5,1,6,1,10,5,9,9,6,9,2,4,5,6,1,1,3,3,1,2,5,3,2,5,4,1,3,7,5,2,5,1,10,3,8,10,3,5,4,3,2,6,1,7,6,1,7,10,4,1,7,4,2,10,6,1,2,1,2,6,8,10,6,1,2,6,7,10,9,6,10,8,2,7,4,4,10,5,4,6,9,5,5,9,6,9,5,7,10,6,6,7,7,4,8,9,4,5,1,10
"B1K2206",10,6,6,10,5,8,3,3,4,5,2,9,6,4,5,1,1,9,3,9,2,7,9,3,2,2,9,8,10,7,3,5,3,6,4,2,9,8,4,3,5,9,1,9,8,10,2,5,6,7,10,5,5,4,8,10,1,8,4,10,2,1,1,7,4,4,9,2,10,3,1,9,3,2,9,3,6,9,7,7,9,3,8,2,6,1,5,8,10,2,5,9,7,2,3,4,7,10,10,9
"B1K3220",9,4,9,4,4,8,1,3,1,7,6,8,10,1,3,10,9,10,4,9,6,9,9,7,6,9,10,6,4,7,1,4,1,9,10,10,2,2,8,1,9,5,7,3,7,1,7,8,4,8,4,4,6,8,10,2,6,3,2,9,1,7,4,10,10,6,2,8,10,1,8,5,1,4,4,8,4,1,8,3,2,1,6,5,5,6,10,4,3,6,10,3,4,2,7,3,5,2,5,2
"B1K4904",8,9,10,4,4,3,7,5,3,2,7,6,9,6,3,6,2,7,5,2,8,3,4,5,5,9,6,7,4,4,4,8,10,7,8,9,9,9,7,9,4,5,2,6,1,5,6,6,2,7,4,1,7,7,8,7,6,9,7,5,4,4,2,8,2,1,5,4,6,4,10,8,10,5,2,5,3,3,5,7,3,2,8,1,9,3,9,8,3,7,5,8,7,5,1,9,10,5,1,7
"B1K0818",9,10,6,8,2,2,8,3,1,2,8,10,7,9,9,5,10,3,10,6,1,4,8,3,1,4,10,2,6,4,1,2,2,6,3,4,10,10,1,1,1,2,5,5,2,7,2,3,5,7,7,4,2,9,10,2,2,5,7,1,5,1,4,3,9,1,9,10,10,3,5,9,9,1,7,10,3,3,8,8,10,9,2,7,7,7,2,2,1,4,2,9,1,9,6,10,7,6,8,10
"B1K3504",10,5,2,7,1,6,8,9,4,1,3,2,5,7,1,1,1,10,8,3,6,5,9,3,5,10,9,6,1,3,1,2,3,10,2,6,5,4,5,5,2,4,10,1,6,9,2,7,6,1,5,10,10,4,1,3,2,10,3,8,10,10,7,10,4,9,4,4,9,9,5,4,1,4,2,5,8,1,10,3,10,9,3,8,6,7,9,4,4,4,7,10,4,9,9,3,1,3,3,8
"B1K5012",5,2,8,9,6,9,3,9,5,1,6,4,1,7,9,4,1,2,1,5,2,2,4,8,2,1,1,1,1,2,7,1,3,3,5,8,8,3,8,6,8,3,10,5,9,10,1,7,2,5,9,5,10,1,8,8,5,8,10,7,3,5,8,1,6,7,3,8,7,9,5,1,5,5,7,9,7,3,2,7,2,1,7,6,9,3,9,10,10,7,6,3,7,1,10,5,4,10,10,2
"B1K1718",4,3,5,2,6,3,2,7,8,5,7,1,3,5,6,10,3,3,9,1,8,1,1,8,5,8,4,6,8,3,4,5,5,7,1,1,2,4,1,8,5,5,9,3,8,2,5,3,1,4,4,6,3,8,6,8,10,1,10,6,1,7,4,8,8,10,8,2,7,6,7,3,9,2,6,3,2,8,3,6,2,4,5,6,1,1,10,1,3,10,10,9,10,6,3,8,7,3,3,3
"B1K4311",3,3,5,2,5,7,9,6,7,8,3,9,2,9,7,4,3,1,4,4,2,10,6,4,3,7,8,5,3,1,1,10,3,10,8,5,9,6,4,8,2,1,5,1,1,3,3,2,3,1,8,7,10,5,10,10,3,5,1,10,10,5,5,10,3,8,8,9,3,7,4,9,9,9,10,4,8,1,6,9,9,5,1,5,1,3,2,5,9,5,4,4,7,6,9,3,9,6,8,3
"B1K4620",8,4,10,4,10,1,2,6,4,6,8,10,10,10,8,7,8,1,3,9,1,4,4,9,4,9,7,3,9,6,6,9,2,6,4,10,10,9,1,5,6,10,7,10,7,7,8,3,2,5,8,3,5,3,4,8,7,1,8,2,6,8,8,7,10,2,6,6,2,10,10,8,10,1,6,1,10,9,8,7,1,3,9,8,3,1,6,3,2,8,1,3,5,2,1,9,5,10,10,1
"B1K4913",7,8,7,5,6,1,6,8,3,9,7,1,2,1,2,1,9,10,4,7,7,2,8,1,10,9,5,5,3,10,10,9,1,9,4,9,9,9,9,8,2,6,10,6,1,5,3,8,6,4,4,8,4,1,8,10,8,3,6,1,3,4,2,3,10,6,7,8,6,3,4,3,5,10,9,9,7,6,5,1,9,1,2,8,2,10,3,2,4,9,5,3,6,3,8,2,8,5,10,9
"B1K4017",6,3,1,9,1,10,2,4,8,2,10,1,8,2,1,5,9,5,5,2,9,10,8,6,9,8,4,1,3,8,2,7,1,1,10,7,4,8,10,6,4,10,1,8,4,2,7,9,10,10,10,8,9,3,4,3,2,3,1,10,1,6,10,6,8,4,9,3,2,2,10,5,2,4,10,7,10,1,8,1,8,5,6,10,2,1,9,3,10,9,10,6,4,8,7,3,1,1,10,6
"B1K5119",4,9,1,3,4,1,6,4,7,9,3,8,10,2,10,8,10,8,2,7,7,3,2,1,6,6,10,9,2,4,5,8,7,7,3,1,9,3,3,10,5,10,1,6,4,7,6,9,7,8,5,7,8,4,9,9,4,3,2,9,8,9,5,7,8,10,8,4,8,9,5,8,4,8,6,3,10,8,10,2,3,7,1,9,10,10,6,7,2,1,4,9,7,8,8,6,8,8,9,3
"B1K2302",9,4,9,10,2,5,9,3,8,2,9,5,9,6,6,7,10,6,7,3,4,5,8,6,2,4,10,8,2,2,9,5,8,3,2,6,2,3,4,6,2,9,10,10,4,9,10,5,4,10,4,10,5,4,2,7,8,6,7,9,6,4,9,4,10,10,4,1,3,3,2,5,6,10,5,4,3,1,2,8,5,2,6,4,1,6,5,8,8,7,10,5,1,5,3,1,6,7,5,6
"B1K3419",4,2,8,6,8,2,9,5,5,7,1,3,10,10,5,7,8,1,3,6,1,1,1,10,5,7,3,4,8,4,6,2,9,8,9,1,8,4,10,1,3,9,2,10,9,3,1,1,6,3,2,9,9,7,1,4,5,5,2,5,10,1,5,1,10,4,2,10,5,9,6,7,6,1,4,7,5,10,2,7,6,2,6,7,10,10,7,1,6,6,1,7,8,2,1,4,9,8,10,2
"B1K4615",5,8,2,6,5,10,2,8,9,1,8,2,9,4,3,8,4,8,2,7,10,3,6,7,10,8,3,8,6,9,9,10,8,2,2,5,3,9,3,7,3,5,4,2,3,5,6,3,3,8,4,6,4,9,2,5,8,4,7,6,2,4,1,10,1,10,3,5,9,4,6,1,6,2,2,10,5,7,3,6,7,4,7,3,3,3,1,4,2,8,8,8,4,7,3,7,10,1,2,10
"B1K4911",4,2,5,3,1,4,8,4,10,5,5,10,3,8,1,8,2,1,6,5,8,6,3,9,7,1,4,8,10,2,3,8,4,5,3,4,8,7,10,3,3,10,7,3,10,8,3,8,7,9,8,7,4,6,9,3,9,8,3,6,7,8,9,8,10,2,8,5,8,10,2,10,9,6,1,2,6,1,10,10,7,7,5,9,8,10,6,10,10,2,7,1,10,7,6,10,1,3,7,5
"B1K2413",7,5,3,7,5,4,4,5,8,9,2,4,9,3,3,8,10,5,3,1,7,7,8,6,3,5,6,6,10,2,2,10,1,9,9,8,10,5,6,7,9,9,7,3,10,7,8,2,7,5,5,3,7,9,10,10,10,9,10,1,1,3,6,10,4,6,10,5,6,5,6,10,7,10,5,7,8,7,1,4,2,5,5,4,5,3,7,5,10,2,6,6,7,3,1,7,9,9,10,3
"B1K3410",8,5,4,5,9,3,7,6,2,4,6,6,5,9,5,1,8,9,4,10,5,9,7,9,3,4,4,6,7,1,7,6,9,9,3,7,6,10,3,5,9,7,8,8,9,7,1,9,3,2,7,9,6,10,9,6,3,9,4,5,5,10,5,10,1,10,6,4,1,3,3,4,3,7,3,9,6,6,9,8,5,8,2,9,9,6,7,10,4,3,1,8,8,1,9,8,2,1,9,5
"B1K4420",7,3,7,6,6,1,9,6,8,2,6,3,10,10,8,3,4,7,10,8,4,4,3,7,5,6,5,7,7,9,8,1,4,7,10,4,1,4,6,8,1,5,9,2,6,10,9,4,8,1,6,6,10,2,2,9,1,6,1,6,10,10,4,4,5,9,3,5,5,5,6,10,6,10,5,10,1,9,1,5,1,9,2,5,5,4,2,4,6,4,2,1,6,4,8,2,1,9,9,5
"B1K5110",4,10,2,9,5,5,2,8,6,5,2,5,5,5,3,7,9,10,8,6,4,4,8,3,8,8,5,3,5,7,6,4,8,9,6,7,1,10,3,5,2,9,10,1,4,8,8,8,2,2,3,2,5,8,10,1,8,8,8,3,1,10,6,7,10,3,9,9,10,8,1,1,1,4,7,4,1,5,6,5,6,8,9,3,9,8,5,5,4,8,3,1,4,2,2,7,7,4,7,9
"B1K2405",7,2,8,2,1,3,7,10,3,2,5,5,3,6,4,3,8,10,2,2,2,8,9,2,6,3,8,9,9,2,8,7,2,1,1,9,5,7,8,7,5,4,4,10,10,6,9,2,5,10,3,5,1,8,6,8,4,1,1,2,6,3,1,1,3,8,2,7,4,5,9,3,2,3,8,7,5,8,5,10,10,9,7,2,10,5,1,2,9,7,2,7,5,2,8,3,2,3,10,7
"B1K4414",6,2,5,7,6,10,5,10,4,8,1,6,4,1,2,10,1,1,8,5,2,7,8,2,2,6,8,10,6,8,3,6,9,7,4,10,7,7,9,10,6,2,5,2,9,3,4,6,7,10,6,2,1,7,9,6,4,1,1,2,3,9,9,10,1,6,2,8,9,9,2,8,2,9,8,6,6,7,2,8,3,10,4,2,10,9,5,5,6,10,7,6,1,6,1,6,7,3,10,4
"B1K4603",9,7,8,1,7,5,5,6,1,6,7,6,8,2,6,6,7,9,10,4,3,10,10,6,3,5,7,3,10,4,4,1,7,10,6,4,9,4,9,3,1,10,6,7,9,10,9,7,5,2,2,2,7,8,4,10,6,10,6,3,7,7,8,8,3,10,9,2,4,4,6,5,8,5,4,6,8,10,9,1,10,7,4,5,8,7,6,4,3,3,10,7,5,9,9,2,6,10,4,8
"B1K2815",4,5,2,1,4,5,6,1,9,10,6,7,4,4,8,1,4,1,1,1,6,2,7,6,1,1,10,9,4,8,3,2,5,1,10,5,10,1,9,8,10,5,2,1,9,9,4,9,2,10,5,5,8,10,7,5,5,5,6,9,9,9,1,8,7,9,7,3,2,7,2,6,9,4,1,1,1,8,5,8,5,3,5,5,8,4,4,4,1,7,5,5,9,3,7,1,10,10,4,4
