"SNP","chrom","pos","ID","num_on_chrom"
"chr1H_134879591","1","134879591","ph-1-1",1
"chr1H_135398241","1","135398241","ph-1-2",2
"chr1H_135823966","1","135823966","ph-1-3",3
"chr1H_139697352","1","139697352","ph-1-4",4
"chr1H_140494835","1","140494835","ph-1-5",5
"chr1H_141082510","1","141082510","ph-1-6",6
"chr1H_141089504","1","141089504","ph-1-7",7
"chr1H_147905521","1","147905521","ph-1-8",8
"chr1H_147920068","1","147920068","ph-1-9",9
"chr1H_391297188","1","391297188","ph-1-10",10
"chr1H_513079911","1","513079911","ph-1-11",11
"chr2H_67515759","2","67515759","ph-2-1",1
"chr2H_320307107","2","320307107","ph-2-2",2
"chr2H_525521188","2","525521188","ph-2-3",3
"chr2H_725107672","2","725107672","ph-2-4",4
"chr3H_39650285","3","39650285","ph-3-1",1
"chr3H_628936328","3","628936328","ph-3-2",2
"chr4H_639944687","4","639944687","ph-4-1",1
"chr6H_564067772","6","564067772","ph-6-1",1
"chr7H_14307711","7","14307711","ph-7-1",1
"chr7H_184297644","7","184297644","ph-7-2",2
"chr7H_381816434","7","381816434","ph-7-3",3
