"SNP","chrom","pos","num_on_chrom","ID"
"chr1H_134879591","1","134879591",1,"ph-1-1"
"chr1H_135398241","1","135398241",2,"ph-1-2"
"chr1H_135823966","1","135823966",3,"ph-1-3"
"chr1H_139697352","1","139697352",4,"ph-1-4"
"chr1H_140494835","1","140494835",5,"ph-1-5"
"chr1H_141082510","1","141082510",6,"ph-1-6"
"chr1H_141082961","1","141082961",7,"ph-1-7"
"chr1H_141089504","1","141089504",8,"ph-1-8"
"chr1H_147905521","1","147905521",9,"ph-1-9"
"chr1H_147920068","1","147920068",10,"ph-1-10"
"chr1H_383972437","1","383972437",11,"ph-1-11"
"chr1H_391297188","1","391297188",12,"ph-1-12"
"chr1H_419910577","1","419910577",13,"ph-1-13"
"chr1H_493993706","1","493993706",14,"ph-1-14"
"chr1H_527445413","1","527445413",15,"ph-1-15"
"chr2H_29126530","2","29126530",1,"ph-2-1"
"chr2H_46705775","2","46705775",2,"ph-2-2"
"chr2H_67515759","2","67515759",3,"ph-2-3"
"chr2H_320307107","2","320307107",4,"ph-2-4"
"chr2H_525521188","2","525521188",5,"ph-2-5"
"chr2H_671999585","2","671999585",6,"ph-2-6"
"chr2H_711159935","2","711159935",7,"ph-2-7"
"chr2H_725107672","2","725107672",8,"ph-2-8"
"chr3H_39650285","3","39650285",1,"ph-3-1"
"chr3H_582303037","3","582303037",2,"ph-3-2"
"chr3H_628936328","3","628936328",3,"ph-3-3"
"chr4H_423819232","4","423819232",1,"ph-4-1"
"chr5H_219333623","5","219333623",1,"ph-5-1"
"chr5H_593602726","5","593602726",2,"ph-5-2"
"chr7H_14307711","7","14307711",1,"ph-7-1"
"chr7H_184297644","7","184297644",2,"ph-7-2"
"chr7H_381816434","7","381816434",3,"ph-7-3"
